runde_nr,parti_valgt_2013,omtaler_parti,kategori,andel,konfidensintervall_fra,konfidensintervall_til,N
1,FRP,KRF,Misliker,0.5134615,0.4703669,0.5563569,520
1,FRP,KRF,Nøytral,0.2596154,0.223626,0.2991649,520
1,FRP,KRF,Liker,0.2269231,0.1928411,0.2650506,520
2,FRP,KRF,Misliker,0.6060606,0.5545943,0.6552765,363
2,FRP,KRF,Nøytral,0.1707989,0.135331,0.2132696,363
2,FRP,KRF,Liker,0.2231405,0.1830667,0.269097,363
3,FRP,KRF,Misliker,0.5562579,0.5213413,0.5906275,791
3,FRP,KRF,Nøytral,0.2680152,0.2382326,0.3000544,791
3,FRP,KRF,Liker,0.1757269,0.150706,0.2039046,791
4,FRP,KRF,Misliker,0.655536,0.6153912,0.6935771,569
4,FRP,KRF,Nøytral,0.2073814,0.1759462,0.2427782,569
4,FRP,KRF,Liker,0.1370826,0.1111195,0.1679656,569
5,FRP,KRF,Misliker,0.6833977,0.641914,0.7221557,518
5,FRP,KRF,Nøytral,0.1988417,0.1665852,0.2355786,518
5,FRP,KRF,Liker,0.11776059999999999,0.0926359,0.1485838,518
6,FRP,KRF,Misliker,0.7157464,0.6739861,0.7541091,489
6,FRP,KRF,Nøytral,0.1820041,0.1501604,0.2188616,489
6,FRP,KRF,Liker,0.1022495,0.0782732,0.1325143,489
7,FRP,KRF,Misliker,0.713964,0.6699786,0.7542374,444
7,FRP,KRF,Nøytral,0.1869369,0.1532224,0.2260892,444
7,FRP,KRF,Liker,0.0990991,0.0744829,0.1307019,444
9,FRP,KRF,Misliker,0.6674817,0.6201631,0.7116463,409
9,FRP,KRF,Nøytral,0.207824,0.1710863,0.2500704,409
9,FRP,KRF,Liker,0.1246944,0.09593,0.1605521,409
1,FRP,AP,Misliker,0.6377649,0.5953411,0.6781456,519
1,FRP,AP,Nøytral,0.1522158,0.1237257,0.1858746,519
1,FRP,AP,Liker,0.2100193,0.177012,0.2473317,519
2,FRP,AP,Misliker,0.6260388,0.5746985,0.6746896,361
2,FRP,AP,Nøytral,0.1689751,0.1335994,0.2114319,361
2,FRP,AP,Liker,0.2049861,0.166288,0.2499896,361
3,FRP,AP,Misliker,0.5372946,0.5023467,0.5718798,791
3,FRP,AP,Nøytral,0.1845765,0.1590032,0.2132201,791
3,FRP,AP,Liker,0.278129,0.2479406,0.3104755,791
4,FRP,AP,Misliker,0.5633803,0.5221298,0.6037722,568
4,FRP,AP,Nøytral,0.1725352,0.1435548,0.2059592,568
4,FRP,AP,Liker,0.2640845,0.229355,0.302012,568
5,FRP,AP,Misliker,0.5600775,0.5167621,0.6024969,516
5,FRP,AP,Nøytral,0.1647287,0.1350719,0.1993959,516
5,FRP,AP,Liker,0.2751938,0.2382559,0.3154866,516
6,FRP,AP,Misliker,0.6290984,0.585169,0.6709913,488
6,FRP,AP,Nøytral,0.1536885,0.1242445,0.1886075,488
6,FRP,AP,Liker,0.2172131,0.1827382,0.2561534,488
7,FRP,AP,Misliker,0.6089888,0.5626508,0.6534411,445
7,FRP,AP,Nøytral,0.1707865,0.1384875,0.2087929,445
7,FRP,AP,Liker,0.2202247,0.1840072,0.2612882,445
9,FRP,AP,Misliker,0.6633907,0.6158528,0.7078366,407
9,FRP,AP,Nøytral,0.1547912,0.1226862,0.193445,407
9,FRP,AP,Liker,0.1818182,0.1471628,0.2225054,407
1,FRP,Høyre,Misliker,0.0674374,0.0487563,0.0925795,519
1,FRP,Høyre,Nøytral,0.0867052,0.0652968,0.1142744,519
1,FRP,Høyre,Liker,0.8458574,0.8120556,0.8745194,519
2,FRP,Høyre,Misliker,0.0614525,0.0407197,0.0917321,358
2,FRP,Høyre,Nøytral,0.0642458,0.0429778,0.0949939,358
2,FRP,Høyre,Liker,0.8743017,0.8355614,0.9049533,358
3,FRP,Høyre,Misliker,0.1403061,0.1176641,0.1664831,784
3,FRP,Høyre,Nøytral,0.1135204,0.0930951,0.1377464,784
3,FRP,Høyre,Liker,0.7461735,0.7144534,0.7754773,784
4,FRP,Høyre,Misliker,0.1851852,0.1552318,0.2194171,567
4,FRP,Høyre,Nøytral,0.1040564,0.0814104,0.1320961,567
4,FRP,Høyre,Liker,0.7107584,0.6719424,0.7467128,567
5,FRP,Høyre,Misliker,0.120155,0.094729,0.1512653,516
5,FRP,Høyre,Nøytral,0.122093,0.0964611,0.1533797,516
5,FRP,Høyre,Liker,0.7577519,0.7187637,0.7928926,516
6,FRP,Høyre,Misliker,0.1129363,0.0876491,0.1443647,487
6,FRP,Høyre,Nøytral,0.0903491,0.0678449,0.1193621,487
6,FRP,Høyre,Liker,0.7967146,0.75849,0.8302432,487
7,FRP,Høyre,Misliker,0.1557562,0.1247779,0.1927318,443
7,FRP,Høyre,Nøytral,0.1106095,0.0845109,0.1435044,443
7,FRP,Høyre,Liker,0.7336343,0.6903317,0.7728739,443
9,FRP,Høyre,Misliker,0.1083744,0.081533,0.1426794,406
9,FRP,Høyre,Nøytral,0.0935961,0.0687615,0.1261848,406
9,FRP,Høyre,Liker,0.7980296,0.75597,0.8344277,406
1,FRP,FRP,Misliker,0.0134875,0.0064275,0.0280831,519
1,FRP,FRP,Nøytral,0.0289017,0.017468,0.0474579,519
1,FRP,FRP,Liker,0.9576108,0.9363816,0.971968,519
2,FRP,FRP,Misliker,0.0247934,0.0129097,0.0470944,363
2,FRP,FRP,Nøytral,0.0358127,0.0208525,0.0608387,363
2,FRP,FRP,Liker,0.9393939,0.9095096,0.9598447,363
3,FRP,FRP,Misliker,0.0847029,0.0671746,0.1062839,791
3,FRP,FRP,Nøytral,0.05689,0.0427141,0.0754,791
3,FRP,FRP,Liker,0.8584071,0.8322696,0.8810537,791
4,FRP,FRP,Misliker,0.1481481,0.1211482,0.1799335,567
4,FRP,FRP,Nøytral,0.0582011,0.0416256,0.0808203,567
4,FRP,FRP,Liker,0.7936508,0.7582415,0.8250703,567
5,FRP,FRP,Misliker,0.0559846,0.0391318,0.0794947,518
5,FRP,FRP,Nøytral,0.0656371,0.0472179,0.0905585,518
5,FRP,FRP,Liker,0.8783784,0.8472011,0.9039157,518
6,FRP,FRP,Misliker,0.0490798,0.0330637,0.072274,489
6,FRP,FRP,Nøytral,0.0368098,0.0232744,0.0577515,489
6,FRP,FRP,Liker,0.9141104,0.8856907,0.9359752,489
7,FRP,FRP,Misliker,0.0859729,0.06311,0.116092,442
7,FRP,FRP,Nøytral,0.0701357,0.0496855,0.098134,442
7,FRP,FRP,Liker,0.8438914,0.8068425,0.8749356,442
9,FRP,FRP,Misliker,0.0757946,0.0537269,0.1059118,409
9,FRP,FRP,Nøytral,0.0415648,0.025941,0.0659614,409
9,FRP,FRP,Liker,0.8826406,0.8475217,0.9105248,409
1,FRP,Venstre,Misliker,0.450677,0.4081171,0.493971,517
1,FRP,Venstre,Nøytral,0.3268859,0.2876801,0.3686694,517
1,FRP,Venstre,Liker,0.2224371,0.1885475,0.2604629,517
2,FRP,Venstre,Misliker,0.5418994,0.4897731,0.5931244,358
2,FRP,Venstre,Nøytral,0.2513966,0.2089764,0.2991711,358
2,FRP,Venstre,Liker,0.2067039,0.1677097,0.2520193,358
3,FRP,Venstre,Misliker,0.5356234,0.5005636,0.5703347,786
3,FRP,Venstre,Nøytral,0.2989822,0.267923,0.3320091,786
3,FRP,Venstre,Liker,0.1653944,0.1409768,0.1930906,786
4,FRP,Venstre,Misliker,0.5992908,0.5581323,0.6390945,564
4,FRP,Venstre,Nøytral,0.2393617,0.2058398,0.2764424,564
4,FRP,Venstre,Liker,0.1613475,0.1331633,0.1941608,564
5,FRP,Venstre,Misliker,0.6439689,0.6014432,0.6843385,514
5,FRP,Venstre,Nøytral,0.2392996,0.204269,0.2782371,514
5,FRP,Venstre,Liker,0.1167315,0.0916308,0.147591,514
6,FRP,Venstre,Misliker,0.7622951,0.7223486,0.7981008,488
6,FRP,Venstre,Nøytral,0.1762295,0.1448244,0.2127506,488
6,FRP,Venstre,Liker,0.0614754,0.0432583,0.0866692,488
7,FRP,Venstre,Misliker,0.7437642,0.700777,0.7824925,441
7,FRP,Venstre,Nøytral,0.1746032,0.1418319,0.2130665,441
7,FRP,Venstre,Liker,0.0816327,0.0593809,0.1112368,441
9,FRP,Venstre,Misliker,0.7804878,0.7376282,0.8180729,410
9,FRP,Venstre,Nøytral,0.1585366,0.1261667,0.1973359,410
9,FRP,Venstre,Liker,0.0609756,0.0414639,0.0888181,410
1,FRP,SP,Misliker,0.5810811,0.5379499,0.6230076,518
1,FRP,SP,Nøytral,0.3050193,0.2667512,0.3461854,518
1,FRP,SP,Liker,0.1138996,0.0891969,0.1443594,518
2,FRP,SP,Misliker,0.6565097,0.6057578,0.7039215,361
2,FRP,SP,Nøytral,0.2160665,0.1764511,0.2617491,361
2,FRP,SP,Liker,0.1274238,0.0966715,0.1661594,361
3,FRP,SP,Misliker,0.5568327,0.5217383,0.5913688,783
3,FRP,SP,Nøytral,0.3103448,0.2788365,0.3437166,783
3,FRP,SP,Liker,0.1328225,0.1107536,0.1585051,783
4,FRP,SP,Misliker,0.642984,0.602384,0.6816294,563
4,FRP,SP,Nøytral,0.2309059,0.1978455,0.2676474,563
4,FRP,SP,Liker,0.1261101,0.101071,0.156274,563
5,FRP,SP,Misliker,0.498062,0.4548997,0.5412532,516
5,FRP,SP,Nøytral,0.2926357,0.2548534,0.3335121,516
5,FRP,SP,Liker,0.2093023,0.1762538,0.2466918,516
6,FRP,SP,Misliker,0.5411523,0.4964837,0.5851691,486
6,FRP,SP,Nøytral,0.2839506,0.2454897,0.325835,486
6,FRP,SP,Liker,0.1748971,0.1435424,0.2114102,486
7,FRP,SP,Misliker,0.4864865,0.4400678,0.5331395,444
7,FRP,SP,Nøytral,0.3198198,0.27792,0.3648448,444
7,FRP,SP,Liker,0.1936937,0.1594313,0.2332758,444
9,FRP,SP,Misliker,0.4852217,0.4366959,0.5340277,406
9,FRP,SP,Nøytral,0.2536946,0.2135768,0.2984879,406
9,FRP,SP,Liker,0.2610837,0.2205022,0.3062002,406
1,FRP,SV,Misliker,0.7911025,0.7537732,0.8240932,517
1,FRP,SV,Nøytral,0.1740812,0.1436794,0.2093433,517
1,FRP,SV,Liker,0.0348162,0.0220096,0.0546583,517
2,FRP,SV,Misliker,0.8484848,0.8076011,0.8819509,363
2,FRP,SV,Nøytral,0.1157025,0.0865187,0.1530806,363
2,FRP,SV,Liker,0.0358127,0.0208525,0.0608387,363
3,FRP,SV,Misliker,0.797967,0.768392,0.8246273,787
3,FRP,SV,Nøytral,0.1562897,0.1325136,0.1834297,787
3,FRP,SV,Liker,0.0457433,0.0331496,0.0628107,787
4,FRP,SV,Misliker,0.8515901,0.819755,0.8786349,566
4,FRP,SV,Nøytral,0.1183746,0.0941739,0.1477796,566
4,FRP,SV,Liker,0.0300353,0.0187246,0.0478452,566
5,FRP,SV,Misliker,0.8430233,0.8089069,0.8720124,516
5,FRP,SV,Nøytral,0.120155,0.094729,0.1512653,516
5,FRP,SV,Liker,0.0368217,0.0235721,0.0570834,516
6,FRP,SV,Misliker,0.8650307,0.8316564,0.8926426,489
6,FRP,SV,Nøytral,0.1124744,0.0872866,0.1437856,489
6,FRP,SV,Liker,0.0224949,0.0124744,0.0402368,489
7,FRP,SV,Misliker,0.867713,0.8328421,0.896216,446
7,FRP,SV,Nøytral,0.1053812,0.080008,0.1375975,446
7,FRP,SV,Liker,0.0269058,0.0153087,0.0468703,446
9,FRP,SV,Misliker,0.8553922,0.817646,0.8864105,408
9,FRP,SV,Nøytral,0.1078431,0.0811289,0.1419946,408
9,FRP,SV,Liker,0.0367647,0.0222359,0.060202,408
1,FRP,MDG,Misliker,0.522158,0.4789837,0.5650037,519
1,FRP,MDG,Nøytral,0.3256262,0.2865429,0.367296,519
1,FRP,MDG,Liker,0.1522158,0.1237257,0.1858746,519
2,FRP,MDG,Misliker,0.5467033,0.4950056,0.5974129,364
2,FRP,MDG,Nøytral,0.3049451,0.259599,0.3544204,364
2,FRP,MDG,Liker,0.1483516,0.1152736,0.1888949,364
3,FRP,MDG,Misliker,0.5610687,0.5260562,0.5954836,786
3,FRP,MDG,Nøytral,0.2748092,0.2446596,0.3071632,786
3,FRP,MDG,Liker,0.1641221,0.1397905,0.1917449,786
4,FRP,MDG,Misliker,0.5762411,0.5349035,0.6165386,564
4,FRP,MDG,Nøytral,0.2712766,0.2360716,0.3096039,564
4,FRP,MDG,Liker,0.1524823,0.1250408,0.1846749,564
5,FRP,MDG,Misliker,0.7868217,0.7492275,0.8201331,516
5,FRP,MDG,Nøytral,0.124031,0.0981956,0.1554918,516
5,FRP,MDG,Liker,0.0891473,0.0673648,0.1170889,516
6,FRP,MDG,Misliker,0.8436214,0.8084211,0.8733672,486
6,FRP,MDG,Nøytral,0.1131687,0.0878315,0.144656,486
6,FRP,MDG,Liker,0.0432099,0.0282965,0.0654536,486
7,FRP,MDG,Misliker,0.8516854,0.8153949,0.8818753,445
7,FRP,MDG,Nøytral,0.1033708,0.0782271,0.135409,445
7,FRP,MDG,Liker,0.0449438,0.0291266,0.0687424,445
9,FRP,MDG,Misliker,0.8292683,0.7895349,0.862804,410
9,FRP,MDG,Nøytral,0.1121951,0.0849826,0.1467241,410
9,FRP,MDG,Liker,0.0585366,0.039474,0.0859807,410
1,Alle,KrF,Misliker,0.4319,0.4141,0.4498,4643
1,Alle,KrF,Nøytral,0.2655,0.2498,0.2817,4643
1,Alle,KrF,Liker,0.3026,0.2867,0.3191,4643
1,Alle,FrP,Misliker,0.5117,0.4938,0.5297,4633
1,Alle,FrP,Nøytral,0.1121,0.1011,0.1242,4633
1,Alle,FrP,Liker,0.3761,0.3586,0.394,4633
1,Alle,Høyre,Misliker,0.257,0.2415,0.2731,4670
1,Alle,Høyre,Nøytral,0.1412,0.1288,0.1547,4670
1,Alle,Høyre,Liker,0.6018,0.584,0.6193,4670
1,Alle,Venstre,Misliker,0.289,0.2728,0.3057,4627
1,Alle,Venstre,Nøytral,0.3197,0.3028,0.337,4627
1,Alle,Venstre,Liker,0.3914,0.3742,0.4088,4627
1,Alle,SV,Misliker,0.4897,0.4717,0.5077,4613
1,Alle,SV,Nøytral,0.2307,0.2153,0.2469,4613
1,Alle,SV,Liker,0.2796,0.264,0.2956,4613
1,Alle,Sp,Misliker,0.3916,0.3743,0.4093,4614
1,Alle,Sp,Nøytral,0.3493,0.332,0.367,4614
1,Alle,Sp,Liker,0.259,0.2439,0.2748,4614
1,Alle,MDG,Misliker,0.318,0.3014,0.335,4613
1,Alle,MDG,Nøytral,0.3549,0.3377,0.3725,4613
1,Alle,MDG,Liker,0.3271,0.3107,0.344,4613
1,Alle,Ap,Misliker,0.2698,0.2542,0.2859,4675
1,Alle,Ap,Nøytral,0.1448,0.1319,0.1586,4675
1,Alle,Ap,Liker,0.5854,0.5676,0.6031,4675
2,Alle,KrF,Misliker,0.5445,0.5217,0.5671,3314
2,Alle,KrF,Nøytral,0.2104,0.1924,0.2296,3314
2,Alle,KrF,Liker,0.2451,0.2263,0.2649,3314
2,Alle,Høyre,Misliker,0.2969,0.2757,0.319,3305
2,Alle,Høyre,Nøytral,0.1304,0.1141,0.1486,3305
2,Alle,Høyre,Liker,0.5727,0.5494,0.5957,3305
2,Alle,FrP,Misliker,0.5458,0.523,0.5684,3316
2,Alle,FrP,Nøytral,0.1168,0.1016,0.134,3316
2,Alle,FrP,Liker,0.3374,0.3167,0.3587,3316
2,Alle,Venstre,Misliker,0.3353,0.3138,0.3574,3305
2,Alle,Venstre,Nøytral,0.2875,0.2672,0.3088,3305
2,Alle,Venstre,Liker,0.3772,0.3554,0.3995,3305
2,Alle,SV,Misliker,0.5286,0.5056,0.5515,3313
2,Alle,SV,Nøytral,0.2038,0.1848,0.2242,3313
2,Alle,SV,Liker,0.2676,0.2475,0.2887,3313
2,Alle,Sp,Misliker,0.4662,0.4438,0.4888,3302
2,Alle,Sp,Nøytral,0.3182,0.2962,0.341,3302
2,Alle,Sp,Liker,0.2156,0.1983,0.234,3302
2,Alle,MDG,Misliker,0.3179,0.2972,0.3394,3316
2,Alle,MDG,Nøytral,0.3496,0.3275,0.3723,3316
2,Alle,MDG,Liker,0.3325,0.3126,0.353,3316
2,Alle,Ap,Misliker,0.279,0.2595,0.2994,3317
2,Alle,Ap,Nøytral,0.1403,0.1251,0.1569,3317
2,Alle,Ap,Liker,0.5808,0.5582,0.603,3317
3,Alle,KrF,Misliker,0.4493,0.4355,0.4632,8106
3,Alle,KrF,Nøytral,0.284,0.2712,0.2971,8106
3,Alle,KrF,Liker,0.2667,0.2549,0.2788,8106
3,Alle,Høyre,Misliker,0.365,0.3516,0.3787,8125
3,Alle,Høyre,Nøytral,0.144,0.1335,0.1552,8125
3,Alle,Høyre,Liker,0.4909,0.477,0.5049,8125
3,Alle,FrP,Misliker,0.5707,0.5568,0.5846,8123
3,Alle,FrP,Nøytral,0.1209,0.1112,0.1314,8123
3,Alle,FrP,Liker,0.3084,0.2957,0.3213,8123
3,Alle,Venstre,Misliker,0.3248,0.3116,0.3382,8091
3,Alle,Venstre,Nøytral,0.3204,0.3072,0.3338,8091
3,Alle,Venstre,Liker,0.3549,0.342,0.3679,8091
3,Alle,SV,Misliker,0.4919,0.478,0.5059,8089
3,Alle,SV,Nøytral,0.2415,0.2295,0.2539,8089
3,Alle,SV,Liker,0.2666,0.2548,0.2788,8089
3,Alle,Sp,Misliker,0.3797,0.3663,0.3933,8072
3,Alle,Sp,Nøytral,0.3629,0.3493,0.3767,8072
3,Alle,Sp,Liker,0.2574,0.2458,0.2695,8072
3,Alle,MDG,Misliker,0.2985,0.2857,0.3116,8078
3,Alle,MDG,Nøytral,0.348,0.3346,0.3617,8078
3,Alle,MDG,Liker,0.3535,0.3406,0.3667,8078
3,Alle,Ap,Misliker,0.235,0.2233,0.2472,8151
3,Alle,Ap,Nøytral,0.1437,0.1336,0.1544,8151
3,Alle,Ap,Liker,0.6213,0.6075,0.6349,8151
4,Alle,KrF,Misliker,0.4533,0.4367,0.47,6172
4,Alle,KrF,Nøytral,0.2654,0.2507,0.2806,6172
4,Alle,KrF,Liker,0.2813,0.2669,0.2962,6172
4,Alle,Høyre,Misliker,0.3934,0.3771,0.41,6167
4,Alle,Høyre,Nøytral,0.1339,0.1224,0.1462,6167
4,Alle,Høyre,Liker,0.4727,0.4561,0.4893,6167
4,Alle,FrP,Misliker,0.6275,0.6108,0.6438,6166
4,Alle,FrP,Nøytral,0.1111,0.0997,0.1236,6166
4,Alle,FrP,Liker,0.2615,0.247,0.2765,6166
4,Alle,Venstre,Misliker,0.364,0.3482,0.3802,6130
4,Alle,Venstre,Nøytral,0.3165,0.3008,0.3327,6130
4,Alle,Venstre,Liker,0.3195,0.3043,0.335,6130
4,Alle,SV,Misliker,0.5107,0.494,0.5274,6139
4,Alle,SV,Nøytral,0.2337,0.2193,0.2487,6139
4,Alle,SV,Liker,0.2556,0.2416,0.2702,6139
4,Alle,Sp,Misliker,0.4106,0.3943,0.4271,6115
4,Alle,Sp,Nøytral,0.3518,0.3356,0.3683,6115
4,Alle,Sp,Liker,0.2376,0.224,0.2518,6115
4,Alle,MDG,Misliker,0.3064,0.2911,0.3221,6125
4,Alle,MDG,Nøytral,0.3578,0.3417,0.3742,6125
4,Alle,MDG,Liker,0.3358,0.3206,0.3514,6125
4,Alle,Ap,Misliker,0.2302,0.2163,0.2447,6157
4,Alle,Ap,Nøytral,0.1418,0.1299,0.1546,6157
4,Alle,Ap,Liker,0.628,0.6115,0.6443,6157
5,Alle,KrF,Misliker,0.4883,0.4701,0.5065,5371
5,Alle,KrF,Nøytral,0.2401,0.225,0.2559,5371
5,Alle,KrF,Liker,0.2716,0.2565,0.2873,5371
5,Alle,Høyre,Misliker,0.3254,0.3083,0.3429,5372
5,Alle,Høyre,Nøytral,0.1546,0.141,0.1693,5372
5,Alle,Høyre,Liker,0.52,0.5018,0.5382,5372
5,Alle,FrP,Misliker,0.5843,0.5661,0.6024,5371
5,Alle,FrP,Nøytral,0.1085,0.0967,0.1216,5371
5,Alle,FrP,Liker,0.3071,0.2904,0.3244,5371
5,Alle,Venstre,Misliker,0.3729,0.3551,0.3911,5349
5,Alle,Venstre,Nøytral,0.286,0.2698,0.3026,5349
5,Alle,Venstre,Liker,0.3411,0.3247,0.3579,5349
5,Alle,SV,Misliker,0.4874,0.4692,0.5056,5366
5,Alle,SV,Nøytral,0.2278,0.2125,0.2439,5366
5,Alle,SV,Liker,0.2848,0.2691,0.3011,5366
5,Alle,Sp,Misliker,0.338,0.3209,0.3555,5353
5,Alle,Sp,Nøytral,0.3447,0.3274,0.3623,5353
5,Alle,Sp,Liker,0.3174,0.301,0.3343,5353
5,Alle,MDG,Misliker,0.4798,0.4617,0.4981,5364
5,Alle,MDG,Nøytral,0.2038,0.189,0.2194,5364
5,Alle,MDG,Liker,0.3164,0.3002,0.3331,5364
5,Alle,Ap,Misliker,0.2464,0.2301,0.2635,5372
5,Alle,Ap,Nøytral,0.1406,0.1276,0.1546,5372
5,Alle,Ap,Liker,0.613,0.5945,0.6311,5372
6,Alle,KrF,Misliker,0.4963,0.4756,0.5171,4796
6,Alle,KrF,Nøytral,0.2647,0.246,0.2842,4796
6,Alle,KrF,Liker,0.239,0.2231,0.2556,4796
6,Alle,Høyre,Misliker,0.3384,0.319,0.3584,4799
6,Alle,Høyre,Nøytral,0.1487,0.1339,0.1647,4799
6,Alle,Høyre,Liker,0.5129,0.4922,0.5337,4799
6,Alle,FrP,Misliker,0.5697,0.5485,0.5906,4806
6,Alle,FrP,Nøytral,0.1076,0.0924,0.1251,4806
6,Alle,FrP,Liker,0.3227,0.3033,0.3428,4806
6,Alle,Venstre,Misliker,0.4595,0.4389,0.4802,4794
6,Alle,Venstre,Nøytral,0.2607,0.2419,0.2804,4794
6,Alle,Venstre,Liker,0.2799,0.2626,0.2977,4794
6,Alle,SV,Misliker,0.5297,0.5089,0.5504,4802
6,Alle,SV,Nøytral,0.2236,0.2054,0.2429,4802
6,Alle,SV,Liker,0.2467,0.2303,0.2638,4802
6,Alle,Sp,Misliker,0.3711,0.3512,0.3914,4793
6,Alle,Sp,Nøytral,0.3643,0.3451,0.384,4793
6,Alle,Sp,Liker,0.2646,0.246,0.284,4793
6,Alle,MDG,Misliker,0.5481,0.5276,0.5683,4805
6,Alle,MDG,Nøytral,0.1966,0.1807,0.2136,4805
6,Alle,MDG,Liker,0.2553,0.2392,0.2721,4805
6,Alle,Ap,Misliker,0.2863,0.2659,0.3076,4807
6,Alle,Ap,Nøytral,0.1647,0.1499,0.1807,4807
6,Alle,Ap,Liker,0.549,0.5279,0.57,4807
7,Alle,KrF,Misliker,0.5245,0.5036,0.5453,4600
7,Alle,KrF,Nøytral,0.248,0.2291,0.2679,4600
7,Alle,KrF,Liker,0.2275,0.212,0.2439,4600
7,Alle,Høyre,Misliker,0.3695,0.3495,0.39,4594
7,Alle,Høyre,Nøytral,0.1489,0.1331,0.1661,4594
7,Alle,Høyre,Liker,0.4816,0.4608,0.5024,4594
7,Alle,FrP,Misliker,0.5786,0.557,0.6,4597
7,Alle,FrP,Nøytral,0.1205,0.1046,0.1383,4597
7,Alle,FrP,Liker,0.3009,0.281,0.3216,4597
7,Alle,Venstre,Misliker,0.4696,0.4485,0.4907,4593
7,Alle,Venstre,Nøytral,0.2534,0.2361,0.2716,4593
7,Alle,Venstre,Liker,0.277,0.26,0.2947,4593
7,Alle,SV,Misliker,0.5191,0.4982,0.54,4593
7,Alle,SV,Nøytral,0.2229,0.2047,0.2422,4593
7,Alle,SV,Liker,0.258,0.2415,0.2752,4593
7,Alle,Sp,Misliker,0.3691,0.3491,0.3896,4595
7,Alle,Sp,Nøytral,0.3467,0.3274,0.3667,4595
7,Alle,Sp,Liker,0.2841,0.2654,0.3036,4595
7,Alle,MDG,Misliker,0.5717,0.5514,0.5918,4601
7,Alle,MDG,Nøytral,0.1851,0.17,0.2013,4601
7,Alle,MDG,Liker,0.2431,0.227,0.2601,4601
7,Alle,Ap,Misliker,0.2716,0.2516,0.2925,4608
7,Alle,Ap,Nøytral,0.149,0.1345,0.1648,4608
7,Alle,Ap,Liker,0.5794,0.558,0.6005,4608
9,Alle,KrF,Misliker,0.5136249,0.4960746,0.5311417,6741
9,Alle,KrF,Nøytral,0.2446173,0.2293658,0.2605401,6741
9,Alle,KrF,Liker,0.2417578,0.2269737,0.2571845,6741
9,Alle,Høyre,Misliker,0.3535472,0.3368812,0.3705769,6745
9,Alle,Høyre,Nøytral,0.1462606,0.1339699,0.1594711,6745
9,Alle,Høyre,Liker,0.5001922,0.4827032,0.5176807,6745
9,Alle,FrP,Misliker,0.5707549,0.5529948,0.5883346,6742
9,Alle,FrP,Nøytral,0.1164645,0.1039371,0.1302821,6742
9,Alle,FrP,Liker,0.3127807,0.2965327,0.3295019,6742
9,Alle,Venstre,Misliker,0.4883816,0.4709175,0.5058742,6728
9,Alle,Venstre,Nøytral,0.2668161,0.2503431,0.2839625,6728
9,Alle,Venstre,Liker,0.2448023,0.230533,0.2596567,6728
9,Alle,SV,Misliker,0.5137396,0.4961444,0.5313008,6732
9,Alle,SV,Nøytral,0.2379264,0.2217265,0.2549222,6732
9,Alle,SV,Liker,0.248334,0.2336408,0.2636333,6732
9,Alle,Sp,Misliker,0.3244729,0.3092018,0.3401269,6734
9,Alle,Sp,Nøytral,0.2984426,0.2814165,0.3160458,6734
9,Alle,Sp,Liker,0.3770845,0.3604824,0.3939801,6734
9,Alle,MDG,Misliker,0.5593811,0.5417349,0.5768785,6738
9,Alle,MDG,Nøytral,0.1811374,0.167947,0.1951209,6738
9,Alle,MDG,Liker,0.2594815,0.2437022,0.2759097,6738
9,Alle,Ap,Misliker,0.2962987,0.2807917,0.3122902,6752
9,Alle,Ap,Nøytral,0.154891,0.1419664,0.1687609,6752
9,Alle,Ap,Liker,0.5488103,0.5312852,0.5662152,6752
1,AP,KRF,Misliker,0.5026,0.4736915,0.5315085,1150
1,AP,KRF,Nøytral,0.26,0.2354248,0.2861803,1150
1,AP,KRF,Liker,0.2373,0.2136481,0.262891,1150
2,AP,KRF,Misliker,0.6323,0.5993604,0.6640849,854
2,AP,KRF,Nøytral,0.192,0.1669452,0.2199056,854
2,AP,KRF,Liker,0.1756,0.1515168,0.2026954,854
3,AP,KRF,Misliker,0.4921764,0.4708496,0.5135317,2109
3,AP,KRF,Nøytral,0.2773826,0.2586712,0.2969055,2109
3,AP,KRF,Liker,0.230441,0.2129471,0.2489175,2109
4,AP,KRF,Misliker,0.4535,0.4295079,0.4779025,1627
4,AP,KRF,Nøytral,0.2759,0.2547629,0.2982318,1627
4,AP,KRF,Liker,0.2704,0.2493807,0.2925769,1627
5,AP,KRF,Misliker,0.4685067,0.4425657,0.4946191,1413
5,AP,KRF,Nøytral,0.2696391,0.2471089,0.2934228,1413
5,AP,KRF,Liker,0.2618542,0.2395597,0.2854447,1413
6,AP,KRF,Misliker,0.4794189,0.4516558,0.5073097,1239
6,AP,KRF,Nøytral,0.2824859,0.2580717,0.3082501,1239
6,AP,KRF,Liker,0.2380952,0.2151656,0.2626507,1239
7,AP,KRF,Misliker,0.5225376,0.4941705,0.55076,1198
7,AP,KRF,Nøytral,0.2612688,0.237133,0.2869372,1198
7,AP,KRF,Liker,0.2161937,0.1937626,0.240447,1198
9,AP,KRF,Misliker,0.5821727,0.5524103,0.6113484,1077
9,AP,KRF,Nøytral,0.2191272,0.1953888,0.244872,1077
9,AP,KRF,Liker,0.1987001,0.1759038,0.2236489,1077
1,AP,AP,Misliker,0.0111972,0.0065073,0.0192019,1161
1,AP,AP,Nøytral,0.0198105,0.0131911,0.0296517,1161
1,AP,AP,Liker,0.9689922,0.9572904,0.9775631,1161
2,AP,AP,Misliker,0.0128355,0.0071137,0.0230526,857
2,AP,AP,Nøytral,0.0256709,0.016947,0.0387089,857
2,AP,AP,Liker,0.9614936,0.9462934,0.9725167,857
3,AP,AP,Misliker,0.0117592,0.0079553,0.0173501,2126
3,AP,AP,Nøytral,0.0244591,0.0186809,0.0319663,2126
3,AP,AP,Liker,0.9637817,0.9549378,0.9709428,2126
4,AP,AP,Misliker,0.0104487,0.0065019,0.0167509,1627
4,AP,AP,Nøytral,0.0190535,0.0134257,0.0269757,1627
4,AP,AP,Liker,0.9704978,0.9610549,0.9777043,1627
5,AP,AP,Misliker,0.0183357,0.0125077,0.0268055,1418
5,AP,AP,Nøytral,0.0239774,0.0171743,0.0333839,1418
5,AP,AP,Liker,0.9576869,0.9458616,0.9670193,1418
6,AP,AP,Misliker,0.0426388,0.0327059,0.0554155,1243
6,AP,AP,Nøytral,0.0434433,0.0334085,0.0563166,1243
6,AP,AP,Liker,0.9139179,0.8969668,0.9283032,1243
7,AP,AP,Misliker,0.0332502,0.0244706,0.0450344,1203
7,AP,AP,Nøytral,0.0448878,0.0345241,0.0581751,1203
7,AP,AP,Liker,0.921862,0.9052587,0.9357621,1203
9,AP,AP,Misliker,0.0437616,0.0330197,0.0577894,1074
9,AP,AP,Nøytral,0.0465549,0.0354421,0.060932,1074
9,AP,AP,Liker,0.9096834,0.8909803,0.9254464,1074
1,AP,Høyre,Misliker,0.4233766,0.3951247,0.4521386,1155
1,AP,Høyre,Nøytral,0.1748918,0.1540233,0.1979262,1155
1,AP,Høyre,Liker,0.4017316,0.3737726,0.4303448,1155
2,AP,Høyre,Misliker,0.5181712,0.4845405,0.551638,853
2,AP,Høyre,Nøytral,0.1313013,0.1102094,0.1557233,853
2,AP,Høyre,Liker,0.3505275,0.3191564,0.3832465,853
3,AP,Høyre,Misliker,0.565135,0.5438643,0.5861686,2111
3,AP,Høyre,Nøytral,0.144955,0.130562,0.1606414,2111
3,AP,Høyre,Liker,0.28991,0.2709286,0.3096564,2111
4,AP,Høyre,Misliker,0.5871842,0.5630176,0.610938,1623
4,AP,Høyre,Nøytral,0.1497227,0.1331633,0.1679424,1623
4,AP,Høyre,Liker,0.263093,0.2422172,0.2850912,1623
5,AP,Høyre,Misliker,0.4762916,0.450307,0.5024051,1413
5,AP,Høyre,Nøytral,0.1755131,0.1565296,0.1962632,1413
5,AP,Høyre,Liker,0.3481953,0.3237565,0.3734602,1413
6,AP,Høyre,Misliker,0.5044391,0.4765759,0.5322747,1239
6,AP,Høyre,Nøytral,0.1662631,0.1465266,0.1880723,1239
6,AP,Høyre,Liker,0.3292978,0.3036432,0.3560118,1239
7,AP,Høyre,Misliker,0.540201,0.5117922,0.5683509,1194
7,AP,Høyre,Nøytral,0.1616415,0.1418062,0.1836576,1194
7,AP,Høyre,Liker,0.2981575,0.2728402,0.3247747,1194
9,AP,Høyre,Misliker,0.572093,0.542245,0.6014253,1075
9,AP,Høyre,Nøytral,0.1497674,0.1296324,0.1724105,1075
9,AP,Høyre,Liker,0.2781395,0.2521212,0.3057452,1075
1,AP,FRP,Misliker,0.8470895,0.8250863,0.8667717,1151
1,AP,FRP,Nøytral,0.0642919,0.0514776,0.080027,1151
1,AP,FRP,Liker,0.0886186,0.0734949,0.1064967,1151
2,AP,FRP,Misliker,0.8868145,0.8637583,0.9063917,857
2,AP,FRP,Nøytral,0.0466744,0.0343969,0.0630482,857
2,AP,FRP,Liker,0.0665111,0.0516227,0.0853072,857
3,AP,FRP,Misliker,0.8620038,0.846628,0.8760638,2116
3,AP,FRP,Nøytral,0.0675803,0.0576308,0.0791034,2116
3,AP,FRP,Liker,0.0704159,0.0602569,0.082138,2116
4,AP,FRP,Misliker,0.9108241,0.8959498,0.923753,1626
4,AP,FRP,Nøytral,0.0424354,0.0336411,0.0534017,1626
4,AP,FRP,Liker,0.0467405,0.0374785,0.058153,1626
5,AP,FRP,Misliker,0.8559322,0.8366353,0.8732949,1416
5,AP,FRP,Nøytral,0.0586158,0.0475007,0.0721349,1416
5,AP,FRP,Liker,0.085452,0.0719564,0.1012026,1416
6,AP,FRP,Misliker,0.845535,0.8243299,0.8646008,1243
6,AP,FRP,Nøytral,0.0627514,0.0505311,0.0776853,1243
6,AP,FRP,Liker,0.0917136,0.076862,0.1090957,1243
7,AP,FRP,Misliker,0.8510815,0.8297827,0.8701324,1202
7,AP,FRP,Nøytral,0.0599002,0.0477943,0.0748314,1202
7,AP,FRP,Liker,0.0890183,0.0741596,0.1065116,1202
9,AP,FRP,Misliker,0.8748842,0.8537373,0.8933555,1079
9,AP,FRP,Nøytral,0.0518999,0.0401346,0.0668739,1079
9,AP,FRP,Liker,0.0732159,0.0590932,0.0903897,1079
1,AP,Venstre,Misliker,0.3022648,0.2763408,0.3295134,1148
1,AP,Venstre,Nøytral,0.325784,0.2992382,0.3534967,1148
1,AP,Venstre,Liker,0.3719512,0.3444065,0.4003536,1148
2,AP,Venstre,Misliker,0.3458382,0.3145879,0.3784787,853
2,AP,Venstre,Nøytral,0.3024619,0.2724957,0.3342096,853
2,AP,Venstre,Liker,0.3516999,0.320299,0.384438,853
3,AP,Venstre,Misliker,0.2940334,0.2748929,0.3139297,2095
3,AP,Venstre,Nøytral,0.3360382,0.3161053,0.3565727,2095
3,AP,Venstre,Liker,0.3699284,0.3494876,0.3908464,2095
4,AP,Venstre,Misliker,0.3957947,0.3721991,0.4198857,1617
4,AP,Venstre,Nøytral,0.3283859,0.305893,0.3516947,1617
4,AP,Venstre,Liker,0.2758194,0.2545544,0.2981504,1617
5,AP,Venstre,Misliker,0.355776,0.3311773,0.3811606,1411
5,AP,Venstre,Nøytral,0.3104181,0.2867792,0.3350901,1411
5,AP,Venstre,Liker,0.3338058,0.3096401,0.3588771,1411
6,AP,Venstre,Misliker,0.4504432,0.4229051,0.4782883,1241
6,AP,Venstre,Nøytral,0.2659146,0.2420357,0.291244,1241
6,AP,Venstre,Liker,0.2836422,0.2592128,0.3094123,1241
7,AP,Venstre,Misliker,0.4674457,0.4392867,0.4958138,1198
7,AP,Venstre,Nøytral,0.263773,0.2395529,0.2895095,1198
7,AP,Venstre,Liker,0.2687813,0.2443959,0.2946511,1198
9,AP,Venstre,Misliker,0.5460465,0.5161072,0.5756565,1075
9,AP,Venstre,Nøytral,0.2223256,0.1984264,0.2482119,1075
9,AP,Venstre,Liker,0.2316279,0.2073349,0.2578414,1075
1,AP,SP,Misliker,0.3035871,0.2775706,0.330925,1143
1,AP,SP,Nøytral,0.3674541,0.3399353,0.3958645,1143
1,AP,SP,Liker,0.3289589,0.3022782,0.3567903,1143
2,AP,SP,Misliker,0.4096244,0.3769917,0.4430729,852
2,AP,SP,Nøytral,0.3239437,0.2932857,0.3561911,852
2,AP,SP,Liker,0.2664319,0.2377613,0.2972117,852
3,AP,SP,Misliker,0.2927992,0.2736938,0.3126642,2097
3,AP,SP,Nøytral,0.3848355,0.364216,0.4058771,2097
3,AP,SP,Liker,0.3223653,0.302679,0.3427027,2097
4,AP,SP,Misliker,0.2944099,0.2726245,0.3171772,1610
4,AP,SP,Nøytral,0.4012422,0.3775279,0.4254281,1610
4,AP,SP,Liker,0.3043478,0.2823266,0.3273033,1610
5,AP,SP,Misliker,0.2460993,0.2242878,0.2692955,1410
5,AP,SP,Nøytral,0.364539,0.339775,0.3900416,1410
5,AP,SP,Liker,0.3893617,0.3642021,0.4151246,1410
6,AP,SP,Misliker,0.3091203,0.2839624,0.3354628,1239
6,AP,SP,Nøytral,0.37046,0.3439584,0.3977655,1239
6,AP,SP,Liker,0.3204197,0.2949768,0.3469771,1239
7,AP,SP,Misliker,0.3071786,0.2816552,0.3339398,1198
7,AP,SP,Nøytral,0.3480801,0.3215775,0.3755579,1198
7,AP,SP,Liker,0.3447412,0.3183101,0.3721689,1198
9,AP,SP,Misliker,0.2572227,0.2319095,0.2842763,1073
9,AP,SP,Nøytral,0.2562908,0.2310118,0.2833168,1073
9,AP,SP,Liker,0.4864865,0.4566168,0.516453,1073
1,AP,SV,Misliker,0.261324,0.2366821,0.287565,1148
1,AP,SV,Nøytral,0.2465157,0.2224055,0.2723242,1148
1,AP,SV,Liker,0.4921603,0.463256,0.5211171,1148
2,AP,SV,Misliker,0.3060748,0.2760411,0.3378512,856
2,AP,SV,Nøytral,0.2301402,0.2031067,0.2595997,856
2,AP,SV,Liker,0.463785,0.4305234,0.4973721,856
3,AP,SV,Misliker,0.2716873,0.2530612,0.29115,2098
3,AP,SV,Nøytral,0.2607245,0.242366,0.2799598,2098
3,AP,SV,Liker,0.4675882,0.4462929,0.4890022,2098
4,AP,SV,Misliker,0.304321,0.2823671,0.3272035,1620
4,AP,SV,Nøytral,0.2580247,0.2372763,0.2799216,1620
4,AP,SV,Liker,0.4376543,0.4136374,0.4619671,1620
5,AP,SV,Misliker,0.304321,0.2823671,0.3272035,1415
5,AP,SV,Nøytral,0.2580247,0.2372763,0.2799216,1415
5,AP,SV,Liker,0.4376543,0.4136374,0.4619671,1415
6,AP,SV,Misliker,0.2636042,0.2412713,0.2872218,1240
6,AP,SV,Nøytral,0.2586572,0.2364774,0.2821486,1240
6,AP,SV,Liker,0.4777385,0.4517649,0.5038331,1240
7,AP,SV,Misliker,0.3564516,0.3302245,0.3835689,1197
7,AP,SV,Nøytral,0.233871,0.2111089,0.2582838,1197
7,AP,SV,Liker,0.4096774,0.3825743,0.4373406,1197
9,AP,SV,Misliker,0.3665116,0.338168,0.3958101,1075
9,AP,SV,Nøytral,0.2102326,0.1868723,0.2356667,1075
9,AP,SV,Liker,0.4232558,0.3939818,0.4530788,1075
1,AP,MDG,Misliker,0.2532982,0.2288259,0.2794393,1137
1,AP,MDG,Nøytral,0.3922603,0.3642307,0.4210186,1137
1,AP,MDG,Liker,0.3544415,0.3271134,0.3827541,1137
2,AP,MDG,Misliker,0.2517564,0.2237223,0.2820272,854
2,AP,MDG,Nøytral,0.3571429,0.3256251,0.3899473,854
2,AP,MDG,Liker,0.3911007,0.3588405,0.4243417,854
3,AP,MDG,Misliker,0.217619,0.2004742,0.2357977,2100
3,AP,MDG,Nøytral,0.3742857,0.3538119,0.3952197,2100
3,AP,MDG,Liker,0.4080952,0.3872376,0.4292892,2100
4,AP,MDG,Misliker,0.2033582,0.1843724,0.2237627,1608
4,AP,MDG,Nøytral,0.3911692,0.3675684,0.4152902,1608
4,AP,MDG,Liker,0.4054726,0.3816929,0.4297042,1608
5,AP,MDG,Misliker,0.3762376,0.3513133,0.4018349,1414
5,AP,MDG,Nøytral,0.2439887,0.2222778,0.2670918,1414
5,AP,MDG,Liker,0.3797737,0.3547935,0.4054076,1414
6,AP,MDG,Misliker,0.4750403,0.4473352,0.5028998,1242
6,AP,MDG,Nøytral,0.2101449,0.1883531,0.233732,1242
6,AP,MDG,Liker,0.3148148,0.289541,0.3412351,1242
7,AP,MDG,Misliker,0.4970809,0.4687792,0.5254013,1199
7,AP,MDG,Nøytral,0.2185154,0.1959963,0.2428405,1199
7,AP,MDG,Liker,0.2844037,0.2595382,0.3106519,1199
9,AP,MDG,Misliker,0.5125581,0.4826215,0.5424049,1075
9,AP,MDG,Nøytral,0.1972093,0.1744653,0.2221206,1075
9,AP,MDG,Liker,0.2902326,0.2638267,0.3181392,1075
1,Høyre,KRF,Misliker,0.3626571,0.334883,0.3913792,1114
1,Høyre,KRF,Nøytral,0.2710952,0.2457557,0.298015,1114
1,Høyre,KRF,Liker,0.3662478,0.3384022,0.3950166,1114
2,Høyre,KRF,Misliker,0.4621118,0.4278333,0.4967523,805
2,Høyre,KRF,Nøytral,0.2496894,0.2209381,0.2808336,805
2,Høyre,KRF,Liker,0.2881988,0.2578846,0.3205372,805
3,Høyre,KRF,Misliker,0.4113337,0.390178,0.4328222,2047
3,Høyre,KRF,Nøytral,0.3023937,0.2828593,0.3226702,2047
3,Høyre,KRF,Liker,0.2862726,0.2670829,0.306265,2047
4,Høyre,KRF,Misliker,0.4410058,0.4164349,0.4658691,1551
4,Høyre,KRF,Nøytral,0.2611219,0.2398372,0.2835907,1551
4,Høyre,KRF,Liker,0.2978723,0.2756,0.3211466,1551
5,Høyre,KRF,Misliker,0.4410058,0.4164349,0.4658691,1311
5,Høyre,KRF,Nøytral,0.2611219,0.2398372,0.2835907,1311
5,Høyre,KRF,Liker,0.2978723,0.2756,0.3211466,1311
6,Høyre,KRF,Misliker,0.5313029,0.5027422,0.55966,1182
6,Høyre,KRF,Nøytral,0.2529611,0.2289564,0.2785733,1182
6,Høyre,KRF,Liker,0.215736,0.1931788,0.2401432,1182
7,Høyre,KRF,Misliker,0.5429072,0.5138592,0.5716662,1142
7,Høyre,KRF,Nøytral,0.2416813,0.2176924,0.26741,1142
7,Høyre,KRF,Liker,0.2154116,0.192492,0.2402482,1142
9,Høyre,KRF,Misliker,0.4888674,0.4584129,0.5194047,1033
9,Høyre,KRF,Nøytral,0.2565344,0.2307774,0.2841043,1033
9,Høyre,KRF,Liker,0.2545983,0.2289143,0.2821096,1033
1,Høyre,AP,Misliker,0.4082363,0.379715,0.4373894,1117
1,Høyre,AP,Nøytral,0.17547,0.1542358,0.19894,1117
1,Høyre,AP,Liker,0.4162936,0.3876607,0.4455028,1117
2,Høyre,AP,Misliker,0.4404467,0.4064383,0.4750233,806
2,Høyre,AP,Nøytral,0.174938,0.1501876,0.2027938,806
2,Høyre,AP,Liker,0.3846154,0.3515554,0.4187765,806
3,Høyre,AP,Misliker,0.3549172,0.3344892,0.3758882,2054
3,Høyre,AP,Nøytral,0.1757546,0.1598832,0.1928399,2054
3,Høyre,AP,Liker,0.4693281,0.4477985,0.4909725,2054
4,Høyre,AP,Misliker,0.3667752,0.3429904,0.3912273,1535
4,Høyre,AP,Nøytral,0.209772,0.1901083,0.2308898,1535
4,Høyre,AP,Liker,0.4234528,0.3989185,0.4483704,1535
5,Høyre,AP,Misliker,0.3575248,0.331967,0.3839195,1309
5,Høyre,AP,Nøytral,0.1925134,0.1720256,0.2148081,1309
5,Høyre,AP,Liker,0.4499618,0.4231491,0.4770683,1309
6,Høyre,AP,Misliker,0.4291737,0.4012226,0.4575839,1186
6,Høyre,AP,Nøytral,0.2133221,0.1909044,0.2375992,1186
6,Høyre,AP,Liker,0.3575042,0.330675,0.3852573,1186
7,Høyre,AP,Misliker,0.4198072,0.3914287,0.4487261,1141
7,Høyre,AP,Nøytral,0.1945662,0.172587,0.2186049,1141
7,Høyre,AP,Liker,0.3856266,0.3577553,0.4142688,1141
9,Høyre,AP,Misliker,0.4647343,0.4344669,0.4952637,1035
9,Høyre,AP,Nøytral,0.1690821,0.1474237,0.1932014,1035
9,Høyre,AP,Liker,0.3661836,0.3373129,0.3960485,1035
1,Høyre,Høyre,Misliker,0.0071048,0.0035532,0.0141559,1126
1,Høyre,Høyre,Nøytral,0.0222025,0.0150366,0.0326702,1126
1,Høyre,Høyre,Liker,0.9706927,0.9590405,0.9791023,1126
2,Høyre,Høyre,Misliker,0.0211706,0.0131871,0.0338218,803
2,Høyre,Høyre,Nøytral,0.0249066,0.0161085,0.038323,803
2,Høyre,Høyre,Liker,0.9539228,0.9370062,0.9664592,803
3,Høyre,Høyre,Misliker,0.0519922,0.0431884,0.0624735,2058
3,Høyre,Høyre,Nøytral,0.0359572,0.0287192,0.0449351,2058
3,Høyre,Høyre,Liker,0.9120505,0.8990089,0.9235512,2058
4,Høyre,Høyre,Misliker,0.0750323,0.0628988,0.0892835,1546
4,Høyre,Høyre,Nøytral,0.0407503,0.0319507,0.0518437,1546
4,Høyre,Høyre,Liker,0.8842173,0.867269,0.899253,1546
5,Høyre,Høyre,Misliker,0.0359053,0.0270709,0.047482,1309
5,Høyre,Høyre,Nøytral,0.0534759,0.0425063,0.0670782,1309
5,Høyre,Høyre,Liker,0.9106188,0.8938877,0.9249334,1309
6,Høyre,Høyre,Misliker,0.0457627,0.0351999,0.0593004,1180
6,Høyre,Høyre,Nøytral,0.0533898,0.0419092,0.0677929,1180
6,Høyre,Høyre,Liker,0.9008475,0.8824137,0.9166643,1180
7,Høyre,Høyre,Misliker,0.0666667,0.053549,0.0827168,1140
7,Høyre,Høyre,Nøytral,0.0552632,0.0433872,0.0701514,1140
7,Høyre,Høyre,Liker,0.8780702,0.8577352,0.8958515,1140
9,Høyre,Høyre,Misliker,0.0436469,0.0327277,0.0579908,1031
9,Høyre,Høyre,Nøytral,0.0475267,0.0360844,0.0623625,1031
9,Høyre,Høyre,Liker,0.9088264,0.8896316,0.9249645,1031
1,Høyre,FRP,Misliker,0.2939068,0.267867,0.3213669,1116
1,Høyre,FRP,Nøytral,0.1415771,0.1223024,0.1633241,1116
1,Høyre,FRP,Liker,0.5645161,0.5351918,0.593396,1116
2,Høyre,FRP,Misliker,0.2745342,0.2447414,0.306482,805
2,Høyre,FRP,Nøytral,0.157764,0.1341361,0.1846662,805
2,Høyre,FRP,Liker,0.5677019,0.5331364,0.6016204,805
3,Høyre,FRP,Misliker,0.3285994,0.3085418,0.3493022,2042
3,Høyre,FRP,Nøytral,0.1562194,0.1410986,0.172635,2042
3,Høyre,FRP,Liker,0.5151812,0.4934715,0.5368337,2042
4,Høyre,FRP,Misliker,0.3285994,0.3085418,0.3493022,1547
4,Høyre,FRP,Nøytral,0.1562194,0.1410986,0.172635,1547
4,Høyre,FRP,Liker,0.5151812,0.4934715,0.5368337,1547
5,Høyre,FRP,Misliker,0.3769113,0.3509985,0.4035477,1308
5,Høyre,FRP,Nøytral,0.1544343,0.1358257,0.1750757,1308
5,Høyre,FRP,Liker,0.4686544,0.4416942,0.4957989,1308
6,Høyre,FRP,Misliker,0.3769113,0.3509985,0.4035477,1178
6,Høyre,FRP,Nøytral,0.1544343,0.1358257,0.1750757,1178
6,Høyre,FRP,Liker,0.4686544,0.4416942,0.4957989,1178
7,Høyre,FRP,Misliker,0.3619632,0.3345283,0.3903283,1141
7,Høyre,FRP,Nøytral,0.1656442,0.1451535,0.18839,1141
7,Høyre,FRP,Liker,0.4723926,0.443507,0.5014643,1141
9,Høyre,FRP,Misliker,0.3355965,0.3073657,0.3650536,1031
9,Høyre,FRP,Nøytral,0.1600388,0.1388707,0.1837451,1031
9,Høyre,FRP,Liker,0.5043647,0.4738166,0.5348803,1031
1,Høyre,Venstre,Misliker,0.2229242,0.1993445,0.2484276,1108
1,Høyre,Venstre,Nøytral,0.2987365,0.2724622,0.3264077,1108
1,Høyre,Venstre,Liker,0.4783394,0.4489899,0.5078391,1108
2,Høyre,Venstre,Misliker,0.2736318,0.2438568,0.3055732,804
2,Høyre,Venstre,Nøytral,0.2835821,0.253422,0.3158132,804
2,Høyre,Venstre,Liker,0.4427861,0.4087057,0.4774138,804
3,Høyre,Venstre,Misliker,0.2794909,0.260437,0.2993747,2043
3,Høyre,Venstre,Nøytral,0.3357807,0.3156038,0.3565755,2043
3,Høyre,Venstre,Liker,0.3847283,0.3638421,0.4060483,2043
4,Høyre,Venstre,Misliker,0.2985751,0.2762363,0.321917,1544
4,Høyre,Venstre,Nøytral,0.3348446,0.3117043,0.3588071,1544
4,Høyre,Venstre,Liker,0.3665803,0.3428671,0.3909578,1544
5,Høyre,Venstre,Misliker,0.3210728,0.2962531,0.3469468,1305
5,Høyre,Venstre,Nøytral,0.2942529,0.2701165,0.3196016,1305
5,Høyre,Venstre,Liker,0.3846743,0.3586062,0.4114219,1305
6,Høyre,Venstre,Misliker,0.4842821,0.4557723,0.5128945,1177
6,Høyre,Venstre,Nøytral,0.2438403,0.2201181,0.2692364,1177
6,Høyre,Venstre,Liker,0.2718777,0.2471807,0.2980652,1177
7,Høyre,Venstre,Misliker,0.5039508,0.4748902,0.5329848,1139
7,Høyre,Venstre,Nøytral,0.2309043,0.207308,0.2563179,1139
7,Høyre,Venstre,Liker,0.2651449,0.2402771,0.2915985,1139
9,Høyre,Venstre,Misliker,0.5179786,0.4873684,0.5484545,1029
9,Høyre,Venstre,Nøytral,0.244898,0.2195429,0.2721601,1029
9,Høyre,Venstre,Liker,0.2371234,0.2120836,0.2641286,1029
1,Høyre,SP,Misliker,0.5497288,0.5202226,0.5788892,1106
1,Høyre,SP,Nøytral,0.2983725,0.2720858,0.3260613,1106
1,Høyre,SP,Liker,0.1518987,0.1319027,0.1743174,1106
2,Høyre,SP,Misliker,0.619403,0.5852461,0.6524175,804
2,Høyre,SP,Nøytral,0.2587065,0.2295452,0.290177,804
2,Høyre,SP,Liker,0.1218905,0.1009803,0.1464255,804
3,Høyre,SP,Misliker,0.5497793,0.528086,0.571285,2039
3,Høyre,SP,Nøytral,0.3070132,0.2873476,0.3274064,2039
3,Høyre,SP,Liker,0.1432075,0.1286533,0.1591075,2039
4,Høyre,SP,Misliker,0.6106771,0.5860067,0.6347935,1536
4,Høyre,SP,Nøytral,0.2884115,0.266271,0.3116111,1536
4,Høyre,SP,Liker,0.1009115,0.0867998,0.1170234,1536
5,Høyre,SP,Misliker,0.5245776,0.4973698,0.5516402,1302
5,Høyre,SP,Nøytral,0.3003072,0.2759805,0.3258132,1302
5,Høyre,SP,Liker,0.1751152,0.1553942,0.1967559,1302
6,Høyre,SP,Misliker,0.5346284,0.5060936,0.5629383,1184
6,Høyre,SP,Nøytral,0.3369932,0.3105817,0.3644634,1184
6,Høyre,SP,Liker,0.1283784,0.1104749,0.1486983,1184
7,Høyre,SP,Misliker,0.5549692,0.525885,0.5836817,1137
7,Høyre,SP,Nøytral,0.2919965,0.2662489,0.319151,1137
7,Høyre,SP,Liker,0.1530343,0.1332305,0.1751868,1137
9,Høyre,SP,Misliker,0.5091787,0.4786759,0.5396134,1035
9,Høyre,SP,Nøytral,0.2483092,0.222891,0.275598,1035
9,Høyre,SP,Liker,0.2425121,0.2173233,0.2696147,1035
1,Høyre,SV,Misliker,0.7368421,0.7099892,0.762042,1102
1,Høyre,SV,Nøytral,0.185118,0.163242,0.2091926,1102
1,Høyre,SV,Liker,0.0780399,0.0635818,0.0954506,1102
2,Høyre,SV,Misliker,0.7962733,0.7669709,0.8227426,805
2,Høyre,SV,Nøytral,0.1391304,0.1168545,0.1648602,805
2,Høyre,SV,Liker,0.0645963,0.0495268,0.0838465,805
3,Høyre,SV,Misliker,0.7454723,0.7261105,0.7639105,2043
3,Høyre,SV,Nøytral,0.1913852,0.1748908,0.2090412,2043
3,Høyre,SV,Liker,0.0631424,0.0533744,0.0745574,2043
4,Høyre,SV,Misliker,0.7626132,0.7407316,0.7831886,1546
4,Høyre,SV,Nøytral,0.1862872,0.1676337,0.2065014,1546
4,Høyre,SV,Liker,0.0510996,0.0411642,0.0632748,1546
5,Høyre,SV,Misliker,0.764526,0.7407294,0.7867672,1308
5,Høyre,SV,Nøytral,0.1735474,0.1539468,0.1950681,1308
5,Høyre,SV,Liker,0.0619266,0.0500675,0.0763689,1308
6,Høyre,SV,Misliker,0.8086367,0.7851581,0.8301047,1181
6,Høyre,SV,Nøytral,0.1532599,0.1337957,0.1749838,1181
6,Høyre,SV,Liker,0.0381033,0.0285553,0.0506774,1181
7,Høyre,SV,Misliker,0.7949167,0.7704578,0.8173872,1141
7,Høyre,SV,Nøytral,0.1595092,0.1393629,0.1819522,1141
7,Høyre,SV,Liker,0.0455741,0.0348779,0.0593487,1141
9,Høyre,SV,Misliker,0.8135922,0.7885895,0.836252,1030
9,Høyre,SV,Nøytral,0.1300971,0.1108648,0.152095,1030
9,Høyre,SV,Liker,0.0563107,0.0437605,0.0721884,1030
1,Høyre,MDG,Misliker,0.3808664,0.352672,0.4098877,1108
1,Høyre,MDG,Nøytral,0.3862816,0.3579923,0.41536,1108
1,Høyre,MDG,Liker,0.232852,0.2088605,0.2586981,1108
2,Høyre,MDG,Misliker,0.3833747,0.3503409,0.4175214,806
2,Høyre,MDG,Nøytral,0.3771712,0.344272,0.4112426,806
2,Høyre,MDG,Liker,0.2394541,0.2111858,0.27021,806
3,Høyre,MDG,Misliker,0.3724816,0.3517107,0.3937341,2035
3,Høyre,MDG,Nøytral,0.3916462,0.3706375,0.4130642,2035
3,Høyre,MDG,Liker,0.2358722,0.2179129,0.2548294,2035
4,Høyre,MDG,Misliker,0.4063719,0.3820511,0.4311607,1538
4,Høyre,MDG,Nøytral,0.4206762,0.3961945,0.4455544,1538
4,Høyre,MDG,Liker,0.1729519,0.1548393,0.1927001,1538
5,Høyre,MDG,Misliker,0.6470138,0.6206491,0.672513,1306
5,Høyre,MDG,Nøytral,0.1906585,0.1702322,0.2129069,1306
5,Høyre,MDG,Liker,0.1623277,0.1432838,0.183361,1306
6,Høyre,MDG,Misliker,0.7331081,0.7071312,0.7575709,1184
6,Høyre,MDG,Nøytral,0.1537162,0.134249,0.1754344,1184
6,Høyre,MDG,Liker,0.1131757,0.0963234,0.1325439,1184
7,Høyre,MDG,Misliker,0.762489,0.7368814,0.7863271,1141
7,Høyre,MDG,Nøytral,0.1419807,0.1228809,0.1634959,1141
7,Høyre,MDG,Liker,0.0955302,0.079761,0.1140308,1141
9,Høyre,MDG,Misliker,0.7655039,0.738629,0.7903996,1032
9,Høyre,MDG,Nøytral,0.1337209,0.1142538,0.1559211,1032
9,Høyre,MDG,Liker,0.1007752,0.0838116,0.1207199,1032
1,KRF,KRF,Misliker,0.004878,0.0006755,0.0343303,205
1,KRF,KRF,Nøytral,0.0243902,0.010113,0.05765,205
1,KRF,KRF,Liker,0.9707317,0.9359905,0.9868814,205
2,KRF,KRF,Misliker,0.0124224,0.0030628,0.0489787,161
2,KRF,KRF,Nøytral,0.0807453,0.0471855,0.1347973,161
2,KRF,KRF,Liker,0.9068323,0.8504855,0.9433582,161
3,KRF,KRF,Misliker,0.0152672,0.0068507,0.033673,393
3,KRF,KRF,Nøytral,0.0458015,0.0289854,0.0716537,393
3,KRF,KRF,Liker,0.9389313,0.9103613,0.9588074,393
4,KRF,KRF,Misliker,0.0274914,0.0137504,0.0542094,291
4,KRF,KRF,Nøytral,0.0446735,0.0260301,0.0756329,291
4,KRF,KRF,Liker,0.9278351,0.8916059,0.9525989,291
5,KRF,KRF,Misliker,0.0222222,0.0099661,0.0488076,270
5,KRF,KRF,Nøytral,0.0555556,0.0336579,0.0903675,270
5,KRF,KRF,Liker,0.9222222,0.8833679,0.9488818,270
6,KRF,KRF,Misliker,0.047619,0.0264472,0.0842726,231
6,KRF,KRF,Nøytral,0.025974,0.0116452,0.0569185,231
6,KRF,KRF,Liker,0.9264069,0.8844426,0.9539259,231
7,KRF,KRF,Misliker,0.0368664,0.0184403,0.0723471,217
7,KRF,KRF,Nøytral,0.0599078,0.0349493,0.1008279,217
7,KRF,KRF,Liker,0.9032258,0.8556946,0.9362673,217
9,KRF,KRF,Misliker,0.0521327,0.0289621,0.0920826,211
9,KRF,KRF,Nøytral,0.0616114,0.035948,0.1036264,211
9,KRF,KRF,Liker,0.8862559,0.8354286,0.9228353,211
1,KRF,AP,Misliker,0.4126214,0.3468648,0.4816509,206
1,KRF,AP,Nøytral,0.131068,0.0911571,0.1848978,206
1,KRF,AP,Liker,0.4563107,0.3889645,0.5252931,206
2,KRF,AP,Misliker,0.4444444,0.3690356,0.5225021,162
2,KRF,AP,Nøytral,0.191358,0.1374231,0.2600785,162
2,KRF,AP,Liker,0.3641975,0.2930487,0.4418247,162
3,KRF,AP,Misliker,0.3417722,0.2964562,0.3901734,395
3,KRF,AP,Nøytral,0.1873418,0.1517142,0.2290765,395
3,KRF,AP,Liker,0.4708861,0.4218909,0.5204488,395
4,KRF,AP,Misliker,0.2931034,0.243293,0.3484163,290
4,KRF,AP,Nøytral,0.2310345,0.1858566,0.2833718,290
4,KRF,AP,Liker,0.4758621,0.4186176,0.5337479,290
5,KRF,AP,Misliker,0.2639405,0.2144268,0.3202269,269
5,KRF,AP,Nøytral,0.2081784,0.1635346,0.261204,269
5,KRF,AP,Liker,0.527881,0.4677277,0.5872355,269
6,KRF,AP,Misliker,0.3463203,0.2873457,0.4104281,231
6,KRF,AP,Nøytral,0.1948052,0.1484105,0.2514214,231
6,KRF,AP,Liker,0.4588745,0.395178,0.5239438,231
7,KRF,AP,Misliker,0.2949309,0.2376425,0.3595169,217
7,KRF,AP,Nøytral,0.1428571,0.1020171,0.1964695,217
7,KRF,AP,Liker,0.562212,0.494956,0.6272565,217
9,KRF,AP,Misliker,0.3679245,0.3052243,0.4354326,212
9,KRF,AP,Nøytral,0.1650943,0.1206457,0.2217885,212
9,KRF,AP,Liker,0.4669811,0.4002851,0.5348786,212
1,KRF,Høyre,Misliker,0.1463415,0.1039439,0.2021315,205
1,KRF,Høyre,Nøytral,0.1853659,0.1375669,0.2450539,205
1,KRF,Høyre,Liker,0.6682927,0.6004351,0.7298118,205
2,KRF,Høyre,Misliker,0.136646,0.0912893,0.1995882,161
2,KRF,Høyre,Nøytral,0.1801242,0.1276625,0.2480152,161
2,KRF,Høyre,Liker,0.6832298,0.6066014,0.7510576,161
3,KRF,Høyre,Misliker,0.244898,0.2046919,0.2901205,392
3,KRF,Høyre,Nøytral,0.1658163,0.1320548,0.2061592,392
3,KRF,Høyre,Liker,0.5892857,0.5396441,0.6371733,392
4,KRF,Høyre,Misliker,0.2655172,0.2176085,0.3196641,290
4,KRF,Høyre,Nøytral,0.1482759,0.1116519,0.1942858,290
4,KRF,Høyre,Liker,0.5862069,0.528278,0.6418449,290
5,KRF,Høyre,Misliker,0.2416357,0.1939287,0.296758,269
5,KRF,Høyre,Nøytral,0.1747212,0.1336287,0.2251659,269
5,KRF,Høyre,Liker,0.5836431,0.5234266,0.6414628,269
6,KRF,Høyre,Misliker,0.2478261,0.1959475,0.3081755,230
6,KRF,Høyre,Nøytral,0.1869565,0.1413799,0.2430664,230
6,KRF,Høyre,Liker,0.5652174,0.499927,0.628321,230
7,KRF,Høyre,Misliker,0.2694064,0.2144145,0.3325321,219
7,KRF,Høyre,Nøytral,0.1598174,0.1167194,0.2149563,219
7,KRF,Høyre,Liker,0.5707763,0.5038325,0.6352271,219
9,KRF,Høyre,Misliker,0.2666667,0.2108243,0.3310947,210
9,KRF,Høyre,Nøytral,0.1380952,0.0973997,0.192174,210
9,KRF,Høyre,Liker,0.5952381,0.5269364,0.6600406,210
1,KRF,FRP,Misliker,0.6328502,0.5645115,0.6962355,207
1,KRF,FRP,Nøytral,0.0869565,0.0552591,0.1342523,207
1,KRF,FRP,Liker,0.2801932,0.2228087,0.3457817,207
2,KRF,FRP,Misliker,0.6149068,0.5367184,0.6875806,161
2,KRF,FRP,Nøytral,0.136646,0.0912893,0.1995882,161
2,KRF,FRP,Liker,0.2484472,0.1872121,0.3217821,161
3,KRF,FRP,Misliker,0.6666667,0.6183382,0.7117285,393
3,KRF,FRP,Nøytral,0.1043257,0.0776363,0.1388095,393
3,KRF,FRP,Liker,0.2290076,0.1899644,0.2733674,393
4,KRF,FRP,Misliker,0.7275862,0.6731255,0.7759928,290
4,KRF,FRP,Nøytral,0.0931034,0.0644796,0.1326326,290
4,KRF,FRP,Liker,0.1793103,0.1390941,0.2280738,290
5,KRF,FRP,Misliker,0.7211896,0.6642217,0.7718127,269
5,KRF,FRP,Nøytral,0.0929368,0.0634165,0.1342294,269
5,KRF,FRP,Liker,0.1858736,0.1435374,0.2372379,269
6,KRF,FRP,Misliker,0.7198276,0.6581228,0.7742162,232
6,KRF,FRP,Nøytral,0.0732759,0.0458741,0.1150714,232
6,KRF,FRP,Liker,0.2068966,0.1592581,0.2643051,232
7,KRF,FRP,Misliker,0.7281106,0.6645509,0.7835497,217
7,KRF,FRP,Nøytral,0.0829493,0.052691,0.1282317,217
7,KRF,FRP,Liker,0.1889401,0.1419119,0.2470658,217
9,KRF,FRP,Misliker,0.7238095,0.6589123,0.7804728,210
9,KRF,FRP,Nøytral,0.0714286,0.0433374,0.1155294,210
9,KRF,FRP,Liker,0.2047619,0.1551559,0.2652484,210
1,KRF,Venstre,Misliker,0.1902439,0.1418345,0.2503557,205
1,KRF,Venstre,Nøytral,0.3219512,0.2610971,0.389512,205
1,KRF,Venstre,Liker,0.4878049,0.4194674,0.5566013,205
2,KRF,Venstre,Misliker,0.2608696,0.1982904,0.3349472,161
2,KRF,Venstre,Nøytral,0.3167702,0.2489424,0.3933986,161
2,KRF,Venstre,Liker,0.4223602,0.3476953,0.5007504,161
3,KRF,Venstre,Misliker,0.2295918,0.1904593,0.2740429,392
3,KRF,Venstre,Nøytral,0.2831633,0.2405783,0.3300106,392
3,KRF,Venstre,Liker,0.4872449,0.4378356,0.5369048,392
4,KRF,Venstre,Misliker,0.2648084,0.2167166,0.3192229,287
4,KRF,Venstre,Nøytral,0.3240418,0.2721103,0.3807006,287
4,KRF,Venstre,Liker,0.4111498,0.3553157,0.4693698,287
5,KRF,Venstre,Misliker,0.2565056,0.2075746,0.3124234,269
5,KRF,Venstre,Nøytral,0.2788104,0.2281873,0.3357783,269
5,KRF,Venstre,Liker,0.464684,0.4054913,0.5248886,269
6,KRF,Venstre,Misliker,0.3,0.2438971,0.3628155,230
6,KRF,Venstre,Nøytral,0.2695652,0.2158084,0.3310596,230
6,KRF,Venstre,Liker,0.4304348,0.3674789,0.4957232,230
7,KRF,Venstre,Misliker,0.347032,0.2864824,0.412972,219
7,KRF,Venstre,Nøytral,0.2328767,0.1812413,0.2939416,219
7,KRF,Venstre,Liker,0.4200913,0.3559817,0.4870156,219
9,KRF,Venstre,Misliker,0.4037559,0.3394453,0.4715527,213
9,KRF,Venstre,Nøytral,0.2441315,0.1907227,0.306826,213
9,KRF,Venstre,Liker,0.3521127,0.2904468,0.4191373,213
1,KRF,SP,Misliker,0.254902,0.1993789,0.3197126,204
1,KRF,SP,Nøytral,0.3039216,0.2442408,0.3710262,204
1,KRF,SP,Liker,0.4411765,0.3739989,0.5105789,204
2,KRF,SP,Misliker,0.3580247,0.2872898,0.4355328,162
2,KRF,SP,Nøytral,0.2654321,0.2025567,0.3395151,162
2,KRF,SP,Liker,0.3765432,0.3046047,0.4543704,162
3,KRF,SP,Misliker,0.2122762,0.1744057,0.2558219,391
3,KRF,SP,Nøytral,0.3887468,0.3414557,0.4382292,391
3,KRF,SP,Liker,0.398977,0.3513675,0.4485761,391
4,KRF,SP,Misliker,0.2802768,0.2312409,0.3351774,289
4,KRF,SP,Nøytral,0.3806228,0.3261232,0.4383063,289
4,KRF,SP,Liker,0.3391003,0.2865302,0.3959628,289
5,KRF,SP,Misliker,0.2052239,0.1607968,0.2581499,268
5,KRF,SP,Nøytral,0.2462687,0.198088,0.3017584,268
5,KRF,SP,Liker,0.5485075,0.4881302,0.6074897,268
6,KRF,SP,Misliker,0.2217391,0.1723596,0.2804713,230
6,KRF,SP,Nøytral,0.3130435,0.2560296,0.3763312,230
6,KRF,SP,Liker,0.4652174,0.4012162,0.5303848,230
7,KRF,SP,Misliker,0.2727273,0.2175736,0.3358606,220
7,KRF,SP,Nøytral,0.2409091,0.1886003,0.3023204,220
7,KRF,SP,Liker,0.4863636,0.4204286,0.5527767,220
9,KRF,SP,Misliker,0.2735849,0.2173928,0.3380281,212
9,KRF,SP,Nøytral,0.1933962,0.1453323,0.2526566,212
9,KRF,SP,Liker,0.5330189,0.4651214,0.5997149,212
1,KRF,SV,Misliker,0.7009804,0.6340663,0.7602846,204
1,KRF,SV,Nøytral,0.127451,0.0879706,0.181131,204
1,KRF,SV,Liker,0.1715686,0.1254698,0.2301473,204
2,KRF,SV,Misliker,0.69375,0.6172533,0.7608806,160
2,KRF,SV,Nøytral,0.16875,0.1178751,0.2357152,160
2,KRF,SV,Liker,0.1375,0.0918687,0.2007852,160
3,KRF,SV,Misliker,0.6675258,0.6188965,0.7128291,388
3,KRF,SV,Nøytral,0.1907216,0.1545018,0.2330916,388
3,KRF,SV,Liker,0.1417526,0.1103328,0.1803065,388
4,KRF,SV,Misliker,0.6398601,0.5822155,0.693735,286
4,KRF,SV,Nøytral,0.1993007,0.1567597,0.2499641,286
4,KRF,SV,Liker,0.1608392,0.1224577,0.2083937,286
5,KRF,SV,Misliker,0.6428571,0.583063,0.6985101,266
5,KRF,SV,Nøytral,0.2105263,0.1654204,0.2640402,266
5,KRF,SV,Liker,0.1466165,0.1087738,0.194748,266
6,KRF,SV,Misliker,0.6839827,0.6207399,0.7410784,231
6,KRF,SV,Nøytral,0.2034632,0.1561035,0.2607517,231
6,KRF,SV,Liker,0.1125541,0.0775585,0.1605912,231
7,KRF,SV,Misliker,0.6574074,0.5910987,0.7180916,216
7,KRF,SV,Nøytral,0.1759259,0.1304207,0.2330532,216
7,KRF,SV,Liker,0.1666667,0.122374,0.2229188,216
9,KRF,SV,Misliker,0.7075472,0.642256,0.7652772,212
9,KRF,SV,Nøytral,0.1650943,0.1206457,0.2217885,212
9,KRF,SV,Liker,0.1273585,0.08854,0.179838,212
1,KRF,MDG,Misliker,0.315534,0.2552736,0.3827093,206
1,KRF,MDG,Nøytral,0.3495146,0.287006,0.4176622,206
1,KRF,MDG,Liker,0.3349515,0.2733615,0.4027271,206
2,KRF,MDG,Misliker,0.3435583,0.2740487,0.4204863,163
2,KRF,MDG,Nøytral,0.3006135,0.2345595,0.3761284,163
2,KRF,MDG,Liker,0.3558282,0.2854517,0.4330404,163
3,KRF,MDG,Misliker,0.225641,0.1867045,0.2700018,390
3,KRF,MDG,Nøytral,0.374359,0.3274945,0.4237046,390
3,KRF,MDG,Liker,0.4,0.3522999,0.4496746,390
4,KRF,MDG,Misliker,0.2708333,0.2223814,0.3254241,288
4,KRF,MDG,Nøytral,0.3993056,0.343985,0.4573208,288
4,KRF,MDG,Liker,0.3298611,0.2776947,0.3865824,288
5,KRF,MDG,Misliker,0.4511278,0.3919357,0.5117361,266
5,KRF,MDG,Nøytral,0.2255639,0.1790315,0.2800648,266
5,KRF,MDG,Liker,0.3233083,0.2694927,0.3822472,266
6,KRF,MDG,Misliker,0.5151515,0.4503307,0.5794665,231
6,KRF,MDG,Nøytral,0.2467532,0.1950763,0.3069003,231
6,KRF,MDG,Liker,0.2380952,0.1872185,0.2977332,231
7,KRF,MDG,Misliker,0.5550459,0.4879645,0.6201796,218
7,KRF,MDG,Nøytral,0.206422,0.1574656,0.2657974,218
7,KRF,MDG,Liker,0.2385321,0.1862316,0.3001039,218
9,KRF,MDG,Misliker,0.6066351,0.5386016,0.670769,211
9,KRF,MDG,Nøytral,0.1611374,0.1171405,0.2175866,211
9,KRF,MDG,Liker,0.2322275,0.1797652,0.294503,211
1,MDG,KRF,Misliker,0.4529412,0.3789856,0.5290343,170
1,MDG,KRF,Nøytral,0.2529412,0.1927376,0.3243932,170
1,MDG,KRF,Liker,0.2941176,0.2299239,0.3676768,170
2,MDG,KRF,Misliker,0.5583333,0.4672653,0.6456398,120
2,MDG,KRF,Nøytral,0.1916667,0.1300666,0.2732762,120
2,MDG,KRF,Liker,0.25,0.1797851,0.3363907,120
3,MDG,KRF,Misliker,0.4907749,0.4312927,0.5505194,271
3,MDG,KRF,Nøytral,0.2656827,0.2162078,0.3218302,271
3,MDG,KRF,Liker,0.2435424,0.1958392,0.2985515,271
4,MDG,KRF,Misliker,0.4533898,0.3905171,0.5177855,236
4,MDG,KRF,Nøytral,0.2669492,0.2140512,0.3274728,236
4,MDG,KRF,Liker,0.279661,0.2257482,0.3407822,236
5,MDG,KRF,Misliker,0.4114583,0.3434475,0.4830286,192
5,MDG,KRF,Nøytral,0.3072917,0.2456117,0.376726,192
5,MDG,KRF,Liker,0.28125,0.221714,0.349592,192
6,MDG,KRF,Misliker,0.4569892,0.3861215,0.5296419,186
6,MDG,KRF,Nøytral,0.3225806,0.258798,0.3937325,186
6,MDG,KRF,Liker,0.2204301,0.1661633,0.2863338,186
7,MDG,KRF,Misliker,0.5326087,0.4596627,0.6041868,184
7,MDG,KRF,Nøytral,0.2336957,0.1776706,0.3009223,184
7,MDG,KRF,Liker,0.2336957,0.1776706,0.3009223,184
9,MDG,KRF,Misliker,0.4859155,0.4038472,0.5687504,142
9,MDG,KRF,Nøytral,0.2887324,0.2194404,0.3695456,142
9,MDG,KRF,Liker,0.2253521,0.1633901,0.3023207,142
1,MDG,AP,Misliker,0.2071006,0.1520828,0.2755537,169
1,MDG,AP,Nøytral,0.1893491,0.136696,0.2562632,169
1,MDG,AP,Liker,0.6035503,0.5271996,0.6751682,169
2,MDG,AP,Misliker,0.2479339,0.1782532,0.3337892,121
2,MDG,AP,Nøytral,0.1900826,0.1289674,0.2711439,121
2,MDG,AP,Liker,0.5619835,0.4712621,0.6487411,121
3,MDG,AP,Misliker,0.2316176,0.185022,0.2858323,272
3,MDG,AP,Nøytral,0.1580882,0.1191679,0.2067365,272
3,MDG,AP,Liker,0.6102941,0.5506559,0.6668064,272
4,MDG,AP,Misliker,0.1898734,0.1445739,0.2452967,237
4,MDG,AP,Nøytral,0.1434599,0.104081,0.1945033,237
4,MDG,AP,Liker,0.6666667,0.6037484,0.724159,237
5,MDG,AP,Misliker,0.1789474,0.1303544,0.2406422,190
5,MDG,AP,Nøytral,0.1894737,0.1394848,0.2521285,190
5,MDG,AP,Liker,0.6315789,0.5600935,0.6977173,190
6,MDG,AP,Misliker,0.2419355,0.1853077,0.3092983,186
6,MDG,AP,Nøytral,0.2043011,0.1519513,0.2689661,186
6,MDG,AP,Liker,0.5537634,0.4810341,0.6242617,186
7,MDG,AP,Misliker,0.2459016,0.1884324,0.3141143,183
7,MDG,AP,Nøytral,0.1967213,0.1449425,0.2613438,183
7,MDG,AP,Liker,0.557377,0.4840227,0.6283111,183
9,MDG,AP,Misliker,0.3172414,0.2459376,0.3982985,145
9,MDG,AP,Nøytral,0.1448276,0.095886,0.2128682,145
9,MDG,AP,Liker,0.537931,0.4555266,0.6183138,145
1,MDG,Høyre,Misliker,0.5176471,0.4419432,0.5925494,170
1,MDG,Høyre,Nøytral,0.2176471,0.1614564,0.2867071,170
1,MDG,Høyre,Liker,0.2647059,0.2032906,0.3368309,170
2,MDG,Høyre,Misliker,0.553719,0.4630972,0.6409057,121
2,MDG,Høyre,Nøytral,0.1900826,0.1289674,0.2711439,121
2,MDG,Høyre,Liker,0.2561983,0.1854482,0.342588,121
3,MDG,Høyre,Misliker,0.6851852,0.6269704,0.7381099,270
3,MDG,Høyre,Nøytral,0.1296296,0.0943524,0.1755401,270
3,MDG,Høyre,Liker,0.1851852,0.1429952,0.2363896,270
4,MDG,Høyre,Misliker,0.6822034,0.619613,0.7388358,236
4,MDG,Høyre,Nøytral,0.1398305,0.1009001,0.1905972,236
4,MDG,Høyre,Liker,0.1779661,0.133983,0.2325112,236
5,MDG,Høyre,Misliker,0.642487,0.5717926,0.707481,193
5,MDG,Høyre,Nøytral,0.2072539,0.1554165,0.2708366,193
5,MDG,Høyre,Liker,0.1502591,0.1061263,0.2084644,193
6,MDG,Høyre,Misliker,0.657754,0.5862352,0.7227571,187
6,MDG,Høyre,Nøytral,0.1604278,0.1141337,0.2208187,187
6,MDG,Høyre,Liker,0.1818182,0.1324897,0.2443397,187
7,MDG,Høyre,Misliker,0.701087,0.6303874,0.76334,184
7,MDG,Høyre,Nøytral,0.125,0.0841758,0.1816953,184
7,MDG,Høyre,Liker,0.173913,0.1253257,0.2362494,184
9,MDG,Høyre,Misliker,0.7152778,0.6352644,0.7837144,144
9,MDG,Høyre,Nøytral,0.1041667,0.0633947,0.1664994,144
9,MDG,Høyre,Liker,0.1805556,0.1253923,0.2529674,144
1,MDG,FRP,Misliker,0.8941176,0.8375316,0.9325818,170
1,MDG,FRP,Nøytral,0.0588235,0.0317386,0.1064802,170
1,MDG,FRP,Liker,0.0470588,0.0235398,0.0918655,170
2,MDG,FRP,Misliker,0.9008264,0.8322614,0.943275,121
2,MDG,FRP,Nøytral,0.0413223,0.0170863,0.0965588,121
2,MDG,FRP,Liker,0.0578512,0.0275325,0.1175222,121
3,MDG,FRP,Misliker,0.9225092,0.8837884,0.949072,271
3,MDG,FRP,Nøytral,0.0405904,0.0225338,0.0720494,271
3,MDG,FRP,Liker,0.0369004,0.0198888,0.067461,271
4,MDG,FRP,Misliker,0.92827,0.8872982,0.9551006,237
4,MDG,FRP,Nøytral,0.0464135,0.0257757,0.0821814,237
4,MDG,FRP,Liker,0.0253165,0.011351,0.0554996,237
5,MDG,FRP,Misliker,0.9689119,0.9320857,0.9860678,193
5,MDG,FRP,Nøytral,0.015544,0.0049712,0.0475295,193
5,MDG,FRP,Liker,0.015544,0.0049712,0.0475295,193
6,MDG,FRP,Misliker,0.9193548,0.869995,0.9510288,186
6,MDG,FRP,Nøytral,0.0268817,0.0111415,0.0634324,186
6,MDG,FRP,Liker,0.0537634,0.0290013,0.0975443,186
7,MDG,FRP,Misliker,0.9234973,0.874418,0.954396,183
7,MDG,FRP,Nøytral,0.0382514,0.0182155,0.0785621,183
7,MDG,FRP,Liker,0.0382514,0.0182155,0.0785621,183
9,MDG,FRP,Misliker,0.9305556,0.8749008,0.9625113,144
9,MDG,FRP,Nøytral,0.0138889,0.0034185,0.0546696,144
9,MDG,FRP,Liker,0.0555556,0.0277912,0.1079768,144
1,MDG,Venstre,Misliker,0.0892857,0.0542619,0.1434861,168
1,MDG,Venstre,Nøytral,0.3035714,0.2381934,0.3779903,168
1,MDG,Venstre,Liker,0.6071429,0.5305879,0.6787715,168
2,MDG,Venstre,Misliker,0.1818182,0.1221,0.2620264,121
2,MDG,Venstre,Nøytral,0.2809917,0.2072375,0.368784,121
2,MDG,Venstre,Liker,0.5371901,0.4468385,0.6251636,121
3,MDG,Venstre,Misliker,0.1507353,0.1127353,0.1986759,271
3,MDG,Venstre,Nøytral,0.2205882,0.17499,0.2741204,271
3,MDG,Venstre,Liker,0.6286765,0.5693057,0.6844,271
4,MDG,Venstre,Misliker,0.220339,0.1716809,0.2781567,236
4,MDG,Venstre,Nøytral,0.2161017,0.1678731,0.2736298,236
4,MDG,Venstre,Liker,0.5635593,0.4991216,0.6259203,236
5,MDG,Venstre,Misliker,0.1502591,0.1061263,0.2084644,193
5,MDG,Venstre,Nøytral,0.2797927,0.2205283,0.3478758,193
5,MDG,Venstre,Liker,0.5699482,0.4985304,0.6385689,193
6,MDG,Venstre,Misliker,0.2299465,0.1747441,0.2963259,187
6,MDG,Venstre,Nøytral,0.197861,0.1464383,0.2618025,187
6,MDG,Venstre,Liker,0.5721925,0.4996083,0.6417968,187
7,MDG,Venstre,Misliker,0.2391304,0.1825183,0.3067139,184
7,MDG,Venstre,Nøytral,0.2282609,0.1728365,0.2951172,184
7,MDG,Venstre,Liker,0.5326087,0.4596627,0.6041868,184
9,MDG,Venstre,Misliker,0.2937063,0.2241441,0.374438,143
9,MDG,Venstre,Nøytral,0.2447552,0.1805499,0.3227987,143
9,MDG,Venstre,Liker,0.4615385,0.3806201,0.5445356,143
1,MDG,SP,Misliker,0.3491124,0.2804032,0.4247209,169
1,MDG,SP,Nøytral,0.3786982,0.3080863,0.454855,169
1,MDG,SP,Liker,0.2721893,0.2098633,0.3449445,169
2,MDG,SP,Misliker,0.425,0.3386164,0.5162204,120
2,MDG,SP,Nøytral,0.375,0.2919851,0.46608,120
2,MDG,SP,Liker,0.2,0.1370415,0.2824166,120
3,MDG,SP,Misliker,0.4037037,0.3464412,0.4637155,270
3,MDG,SP,Nøytral,0.3259259,0.2723417,0.3844824,270
3,MDG,SP,Liker,0.2703704,0.2204553,0.3268486,270
4,MDG,SP,Misliker,0.3686441,0.3090794,0.4325022,236
4,MDG,SP,Nøytral,0.3559322,0.2970304,0.4195433,236
4,MDG,SP,Liker,0.2754237,0.2218429,0.336352,236
5,MDG,SP,Misliker,0.3455497,0.2809851,0.4163591,191
5,MDG,SP,Nøytral,0.3455497,0.2809851,0.4163591,191
5,MDG,SP,Liker,0.3089005,0.2469431,0.3785879,191
6,MDG,SP,Misliker,0.3903743,0.3225103,0.4627644,187
6,MDG,SP,Nøytral,0.3368984,0.2722587,0.4082751,187
6,MDG,SP,Liker,0.2727273,0.2132194,0.3416318,187
7,MDG,SP,Misliker,0.3551913,0.2886593,0.4278349,183
7,MDG,SP,Nøytral,0.3497268,0.2835482,0.422248,183
7,MDG,SP,Liker,0.295082,0.2329896,0.3658295,183
9,MDG,SP,Misliker,0.4335664,0.3538718,0.5168521,143
9,MDG,SP,Nøytral,0.2377622,0.1744137,0.3153314,143
9,MDG,SP,Liker,0.3286713,0.2559052,0.4107079,143
1,MDG,SV,Misliker,0.1715976,0.1214976,0.2367882,169
1,MDG,SV,Nøytral,0.2662722,0.2045315,0.3387143,169
1,MDG,SV,Liker,0.5621302,0.4857062,0.6357152,169
2,MDG,SV,Misliker,0.214876,0.1498441,0.2982309,121
2,MDG,SV,Nøytral,0.2396694,0.171094,0.3249552,121
2,MDG,SV,Liker,0.5454545,0.454956,0.6330465,121
3,MDG,SV,Misliker,0.2313433,0.1844504,0.2859774,268
3,MDG,SV,Nøytral,0.2201493,0.1742787,0.2740855,268
3,MDG,SV,Liker,0.5485075,0.4881302,0.6074897,268
4,MDG,SV,Misliker,0.2330508,0.1831506,0.2916917,236
4,MDG,SV,Nøytral,0.220339,0.1716809,0.2781567,236
4,MDG,SV,Liker,0.5466102,0.4822145,0.6094829,236
5,MDG,SV,Misliker,0.1502591,0.1061263,0.2084644,193
5,MDG,SV,Nøytral,0.1865285,0.1372699,0.2483745,193
5,MDG,SV,Liker,0.6632124,0.5930175,0.7268764,193
6,MDG,SV,Misliker,0.171123,0.1232752,0.232615,187
6,MDG,SV,Nøytral,0.1925134,0.1417726,0.2559974,187
6,MDG,SV,Liker,0.6363636,0.5643686,0.7027276,187
7,MDG,SV,Misliker,0.1630435,0.1160297,0.2242735,184
7,MDG,SV,Nøytral,0.2065217,0.1536427,0.2717565,184
7,MDG,SV,Liker,0.6304348,0.5577219,0.6976735,184
9,MDG,SV,Misliker,0.2275862,0.1659166,0.3038281,145
9,MDG,SV,Nøytral,0.1862069,0.1303372,0.258896,145
9,MDG,SV,Liker,0.5862069,0.5034672,0.6643509,145
1,MDG,MDG,Misliker,0.0,0,0,167
1,MDG,MDG,Nøytral,0.0,0,0,167
1,MDG,MDG,Liker,1.0,.,.,167
2,MDG,MDG,Misliker,0.0,0,0,121
2,MDG,MDG,Nøytral,0.0330579,0.0122875,0.0858849,121
2,MDG,MDG,Liker,0.9669421,0.9141151,0.9877125,121
3,MDG,MDG,Misliker,0.0183824,0.0076292,0.0436253,271
3,MDG,MDG,Nøytral,0.0073529,0.0018236,0.0291581,271
3,MDG,MDG,Liker,0.9742647,0.9467756,0.9877402,271
4,MDG,MDG,Misliker,0.0084388,0.0020903,0.0334231,237
4,MDG,MDG,Nøytral,0.0295359,0.0140688,0.0609561,237
4,MDG,MDG,Liker,0.9620253,0.928321,0.9802192,237
5,MDG,MDG,Misliker,0.0207254,0.007732,0.0543575,193
5,MDG,MDG,Nøytral,0.0362694,0.0172727,0.0745737,193
5,MDG,MDG,Liker,0.9430052,0.8995388,0.9683272,193
6,MDG,MDG,Misliker,0.0641711,0.0366092,0.1101119,187
6,MDG,MDG,Nøytral,0.0588235,0.0326928,0.1036032,187
6,MDG,MDG,Liker,0.8770053,0.8211174,0.9171932,187
7,MDG,MDG,Misliker,0.0989011,0.0629272,0.1521022,182
7,MDG,MDG,Nøytral,0.0714286,0.0417092,0.1196795,182
7,MDG,MDG,Liker,0.8296703,0.7673038,0.8779797,182
9,MDG,MDG,Misliker,0.125,0.0797515,0.1906037,144
9,MDG,MDG,Nøytral,0.0416667,0.0186568,0.0904396,144
9,MDG,MDG,Liker,0.8333333,0.7624019,0.8862486,144
1,SP,KRF,Misliker,0.2440476,0.1844779,0.3154133,168
1,SP,KRF,Nøytral,0.3035714,0.2381934,0.3779903,168
1,SP,KRF,Liker,0.452381,0.3780113,0.5289394,168
2,SP,KRF,Misliker,0.3486239,0.2639871,0.4440256,109
2,SP,KRF,Nøytral,0.2110092,0.1435255,0.2991404,109
2,SP,KRF,Liker,0.440367,0.3488985,0.536072,109
3,SP,KRF,Misliker,0.3227848,0.2732669,0.3766255,316
3,SP,KRF,Nøytral,0.2594937,0.2139135,0.3109442,316
3,SP,KRF,Liker,0.4177215,0.3642621,0.4731871,316
4,SP,KRF,Misliker,0.3252427,0.2643023,0.3927334,230
4,SP,KRF,Nøytral,0.2864078,0.2283781,0.3524474,230
4,SP,KRF,Liker,0.3883495,0.3237054,0.4571763,230
5,SP,KRF,Misliker,0.327957,0.2637822,0.3992772,206
5,SP,KRF,Nøytral,0.2688172,0.2095235,0.3377217,206
5,SP,KRF,Liker,0.4032258,0.3345383,0.47593,206
6,SP,KRF,Misliker,0.327957,0.2637822,0.3992772,186
6,SP,KRF,Nøytral,0.2688172,0.2095235,0.3377217,186
6,SP,KRF,Liker,0.4032258,0.3345383,0.47593,186
7,SP,KRF,Misliker,0.3876404,0.3182781,0.4618776,178
7,SP,KRF,Nøytral,0.2303371,0.1738324,0.298571,178
7,SP,KRF,Liker,0.3820225,0.3129721,0.4561916,178
9,SP,KRF,Misliker,0.3710692,0.2988265,0.4495786,159
9,SP,KRF,Nøytral,0.2641509,0.2008637,0.3389216,159
9,SP,KRF,Liker,0.3647799,0.2929497,0.4431829,159
1,SP,AP,Misliker,0.112426,0.0725365,0.1702256,169
1,SP,AP,Nøytral,0.1775148,0.1265415,0.2433016,169
1,SP,AP,Liker,0.7100592,0.6364495,0.7740558,169
2,SP,AP,Misliker,0.1711712,0.1111539,0.2543223,111
2,SP,AP,Nøytral,0.0990991,0.0552182,0.1715206,111
2,SP,AP,Liker,0.7297297,0.6382496,0.805139,111
3,SP,AP,Misliker,0.1111111,0.080709,0.1510833,315
3,SP,AP,Nøytral,0.1587302,0.1222215,0.2036146,315
3,SP,AP,Liker,0.7301587,0.6781493,0.7765332,315
4,SP,AP,Misliker,0.1179039,0.0818801,0.1668957,229
4,SP,AP,Nøytral,0.1703057,0.1266827,0.2250787,229
4,SP,AP,Liker,0.7117904,0.6493044,0.7671357,229
5,SP,AP,Misliker,0.1317073,0.0916084,0.1857689,205
5,SP,AP,Nøytral,0.1853659,0.1375669,0.2450539,205
5,SP,AP,Liker,0.6829268,0.615526,0.7434369,205
6,SP,AP,Misliker,0.1451613,0.1011212,0.2040281,186
6,SP,AP,Nøytral,0.1827957,0.1332172,0.2455974,186
6,SP,AP,Liker,0.672043,0.6007228,0.7362178,186
7,SP,AP,Misliker,0.1675978,0.1193339,0.2302776,179
7,SP,AP,Nøytral,0.150838,0.1051443,0.2116917,179
7,SP,AP,Liker,0.6815642,0.6090867,0.7462033,179
9,SP,AP,Misliker,0.1962025,0.1409832,0.2663439,158
9,SP,AP,Nøytral,0.1455696,0.0982557,0.2103522,158
9,SP,AP,Liker,0.6582278,0.5800678,0.7286456,158
1,SP,Høyre,Misliker,0.5266272,0.4505505,0.6014873,169
1,SP,Høyre,Nøytral,0.1775148,0.1265415,0.2433016,169
1,SP,Høyre,Liker,0.295858,0.2313321,0.3697251,169
2,SP,Høyre,Misliker,0.5405405,0.4460515,0.632202,111
2,SP,Høyre,Nøytral,0.1441441,0.0895406,0.2238587,111
2,SP,Høyre,Liker,0.3153153,0.2346835,0.4088506,111
3,SP,Høyre,Misliker,0.6166134,0.5612148,0.6691411,313
3,SP,Høyre,Nøytral,0.1757188,0.1372502,0.2221927,313
3,SP,Høyre,Liker,0.2076677,0.1660819,0.256464,313
4,SP,Høyre,Misliker,0.6724891,0.6085939,0.7305713,229
4,SP,Høyre,Nøytral,0.1528384,0.1115343,0.2058939,229
4,SP,Høyre,Liker,0.1746725,0.1304986,0.2298466,229
5,SP,Høyre,Misliker,0.5539216,0.4845373,0.6212664,204
5,SP,Høyre,Nøytral,0.1862745,0.1382557,0.2462062,204
5,SP,Høyre,Liker,0.2598039,0.2038243,0.3248845,204
6,SP,Høyre,Misliker,0.5860215,0.5132606,0.6552122,186
6,SP,Høyre,Nøytral,0.1827957,0.1332172,0.2455974,186
6,SP,Høyre,Liker,0.2311828,0.1757088,0.2978425,186
7,SP,Høyre,Misliker,0.5586592,0.4844657,0.6303228,179
7,SP,Høyre,Nøytral,0.2122905,0.158041,0.2789914,179
7,SP,Høyre,Liker,0.2290503,0.1728352,0.2969847,179
9,SP,Høyre,Misliker,0.6415094,0.5632261,0.7129138,159
9,SP,Høyre,Nøytral,0.1383648,0.0924555,0.2019966,159
9,SP,Høyre,Liker,0.2201258,0.1618983,0.2919988,159
1,SP,FRP,Misliker,0.7719298,0.7023283,0.8292145,171
1,SP,FRP,Nøytral,0.0760234,0.0444089,0.1271495,171
1,SP,FRP,Liker,0.1520468,0.1052424,0.2146725,171
2,SP,FRP,Misliker,0.8378378,0.7557653,0.8961215,111
2,SP,FRP,Nøytral,0.0630631,0.030008,0.1277348,111
2,SP,FRP,Liker,0.0990991,0.0552182,0.1715206,111
3,SP,FRP,Misliker,0.8132911,0.7662137,0.8527109,316
3,SP,FRP,Nøytral,0.0791139,0.0539031,0.1146867,316
3,SP,FRP,Liker,0.1075949,0.077751,0.1470674,316
4,SP,FRP,Misliker,0.8471616,0.7941061,0.8884657,229
4,SP,FRP,Nøytral,0.0786026,0.0499077,0.121683,229
4,SP,FRP,Liker,0.0742358,0.0464795,0.1165416,229
5,SP,FRP,Misliker,0.7707317,0.7076618,0.8235868,205
5,SP,FRP,Nøytral,0.0780488,0.0481645,0.1240585,205
5,SP,FRP,Liker,0.1512195,0.1080918,0.2075506,205
6,SP,FRP,Misliker,0.787234,0.7222891,0.8403481,188
6,SP,FRP,Nøytral,0.0744681,0.0443832,0.1223352,188
6,SP,FRP,Liker,0.1382979,0.095575,0.1959801,188
7,SP,FRP,Misliker,0.7722222,0.7045849,0.8281506,180
7,SP,FRP,Nøytral,0.0777778,0.0463693,0.1276141,180
7,SP,FRP,Liker,0.15,0.10455,0.2105619,180
9,SP,FRP,Misliker,0.8050314,0.7352505,0.859924,159
9,SP,FRP,Nøytral,0.0566038,0.0295012,0.1058887,159
9,SP,FRP,Liker,0.1383648,0.0924555,0.2019966,159
1,SP,Venstre,Misliker,0.2916667,0.2273357,0.3655885,168
1,SP,Venstre,Nøytral,0.3095238,0.2436424,0.3841713,168
1,SP,Venstre,Liker,0.3988095,0.3268578,0.4754138,168
2,SP,Venstre,Misliker,0.3272727,0.2450609,0.4216601,110
2,SP,Venstre,Nøytral,0.3,0.2207057,0.3934013,110
2,SP,Venstre,Liker,0.3727273,0.2863572,0.468062,110
3,SP,Venstre,Misliker,0.3152866,0.2660263,0.3690817,314
3,SP,Venstre,Nøytral,0.3152866,0.2660263,0.3690817,314
3,SP,Venstre,Liker,0.3694268,0.31754,0.424518,314
4,SP,Venstre,Misliker,0.3788546,0.3176446,0.4441817,227
4,SP,Venstre,Nøytral,0.3127753,0.2554224,0.3764946,227
4,SP,Venstre,Liker,0.30837,0.2513214,0.3719351,227
5,SP,Venstre,Misliker,0.4411765,0.3739989,0.5105789,204
5,SP,Venstre,Nøytral,0.2401961,0.1861014,0.3041388,204
5,SP,Venstre,Liker,0.3186275,0.2578657,0.3862549,204
6,SP,Venstre,Misliker,0.5135135,0.4410422,0.585421,185
6,SP,Venstre,Nøytral,0.2486486,0.1911838,0.3166244,185
6,SP,Venstre,Liker,0.2378378,0.1815044,0.3051374,185
7,SP,Venstre,Misliker,0.5307263,0.4567776,0.6033499,179
7,SP,Venstre,Nøytral,0.2346369,0.1777968,0.3029528,179
7,SP,Venstre,Liker,0.2346369,0.1777968,0.3029528,179
9,SP,Venstre,Misliker,0.6163522,0.5376693,0.6893804,159
9,SP,Venstre,Nøytral,0.1572327,0.1080693,0.2231658,159
9,SP,Venstre,Liker,0.2264151,0.1674072,0.2987588,159
1,SP,SP,Misliker,0.0116959,0.0028861,0.0461525,171
1,SP,SP,Nøytral,0.0409357,0.0194922,0.0839497,171
1,SP,SP,Liker,0.9473684,0.9013531,0.9725724,171
2,SP,SP,Misliker,0.045045,0.0186141,0.1049915,111
2,SP,SP,Nøytral,0.0720721,0.0360564,0.1388795,111
2,SP,SP,Liker,0.8828829,0.8072752,0.9313513,111
3,SP,SP,Misliker,0.0157233,0.0065284,0.0373813,318
3,SP,SP,Nøytral,0.0408805,0.0238129,0.0693126,318
3,SP,SP,Liker,0.9433962,0.9117515,0.9641399,318
4,SP,SP,Misliker,0.0305677,0.0145598,0.0630495,229
4,SP,SP,Nøytral,0.0393013,0.0204727,0.0741359,229
4,SP,SP,Liker,0.930131,0.8886289,0.9569173,229
5,SP,SP,Misliker,0.0242718,0.0100641,0.0573747,206
5,SP,SP,Nøytral,0.0339806,0.0161838,0.0699565,206
5,SP,SP,Liker,0.9417476,0.8998024,0.9667817,206
6,SP,SP,Misliker,0.0,,,186
6,SP,SP,Nøytral,0.0430108,0.0215144,0.0841385,186
6,SP,SP,Liker,0.9569892,0.9158615,0.9784856,186
7,SP,SP,Misliker,0.0276243,0.0114479,0.065152,181
7,SP,SP,Nøytral,0.0883978,0.0546058,0.1400047,181
7,SP,SP,Liker,0.8839779,0.8279831,0.9234309,181
9,SP,SP,Misliker,0.0251572,0.0093731,0.0657574,159
9,SP,SP,Nøytral,0.0377358,0.0169022,0.0821042,159
9,SP,SP,Liker,0.9371069,0.8863638,0.9660589,159
1,SP,SV,Misliker,0.4424242,0.3677772,0.5197663,165
1,SP,SV,Nøytral,0.2424242,0.1825422,0.3143952,165
1,SP,SV,Liker,0.3151515,0.2482388,0.3907263,165
2,SP,SV,Misliker,0.4234234,0.3337762,0.5184127,111
2,SP,SV,Nøytral,0.1981982,0.1333581,0.2842249,111
2,SP,SV,Liker,0.3783784,0.2919264,0.4733186,111
3,SP,SV,Misliker,0.4249201,0.3709953,0.480693,313
3,SP,SV,Nøytral,0.2619808,0.2160169,0.3138101,313
3,SP,SV,Liker,0.313099,0.2638857,0.3669156,313
4,SP,SV,Misliker,0.4424779,0.378573,0.5083458,226
4,SP,SV,Nøytral,0.2477876,0.1954879,0.3087103,226
4,SP,SV,Liker,0.3097345,0.2524709,0.3734968,226
5,SP,SV,Misliker,0.4341463,0.3673813,0.50339,205
5,SP,SV,Nøytral,0.2634146,0.2072329,0.3285158,205
5,SP,SV,Liker,0.302439,0.2430089,0.3693126,205
6,SP,SV,Misliker,0.5107527,0.438526,0.5825332,186
6,SP,SV,Nøytral,0.2258065,0.1709292,0.2920949,186
6,SP,SV,Liker,0.2634409,0.2046564,0.3320608,186
7,SP,SV,Misliker,0.4748603,0.4020717,0.5487331,179
7,SP,SV,Nøytral,0.2458101,0.1877629,0.3148464,179
7,SP,SV,Liker,0.2793296,0.2179837,0.3502084,179
9,SP,SV,Misliker,0.490566,0.4128839,0.5687064,159
9,SP,SV,Nøytral,0.2389937,0.1784846,0.3122201,159
9,SP,SV,Liker,0.2704403,0.2065026,0.3455533,159
1,SP,MDG,Misliker,0.3823529,0.3117278,0.4583239,170
1,SP,MDG,Nøytral,0.3294118,0.2623209,0.4042583,170
1,SP,MDG,Liker,0.2882353,0.2245697,0.3615349,170
2,SP,MDG,Misliker,0.3783784,0.2919264,0.4733186,111
2,SP,MDG,Nøytral,0.2882883,0.2106752,0.3807034,111
2,SP,MDG,Liker,0.3333333,0.2508698,0.4274371,111
3,SP,MDG,Misliker,0.2920635,0.2442402,0.3449765,315
3,SP,MDG,Nøytral,0.3301587,0.2801785,0.3842949,315
3,SP,MDG,Liker,0.3777778,0.3256318,0.4329137,315
4,SP,MDG,Misliker,0.2969432,0.2409464,0.3597855,229
4,SP,MDG,Nøytral,0.3624454,0.3023294,0.4271956,229
4,SP,MDG,Liker,0.3406114,0.2817242,0.4048693,229
5,SP,MDG,Misliker,0.461165,0.3936743,0.5301102,206
5,SP,MDG,Nøytral,0.2524272,0.1973879,0.3167567,206
5,SP,MDG,Liker,0.2864078,0.2283781,0.3524474,206
6,SP,MDG,Misliker,0.5744681,0.5020824,0.6437963,188
6,SP,MDG,Nøytral,0.1861702,0.1363778,0.2489027,188
6,SP,MDG,Liker,0.2393617,0.1832816,0.3061685,188
7,SP,MDG,Misliker,0.5730337,0.4985887,0.6443108,178
7,SP,MDG,Nøytral,0.1966292,0.1442153,0.2622549,178
7,SP,MDG,Liker,0.2303371,0.1738324,0.298571,178
9,SP,MDG,Misliker,0.6392405,0.5606522,0.7110171,158
9,SP,MDG,Nøytral,0.1582278,0.1087658,0.2245167,158
9,SP,MDG,Liker,0.2025316,0.1464413,0.2732287,158
1,SV,KRF,Misliker,0.6264591,0.5652814,0.6838426,257
1,SV,KRF,Nøytral,0.1867704,0.1434479,0.2395181,257
1,SV,KRF,Liker,0.1867704,0.1434479,0.2395181,257
2,SV,KRF,Misliker,0.7170732,0.6510169,0.7749484,205
2,SV,KRF,Nøytral,0.195122,0.146115,0.2556448,205
2,SV,KRF,Liker,0.0878049,0.0558031,0.1355248,205
3,SV,KRF,Misliker,0.6086957,0.5642552,0.6514039,483
3,SV,KRF,Nøytral,0.2194617,0.1846661,0.258733,483
3,SV,KRF,Liker,0.1718427,0.1406541,0.2082708,483
4,SV,KRF,Misliker,0.5717949,0.5219164,0.6202558,390
4,SV,KRF,Nøytral,0.1923077,0.1560367,0.2346655,390
4,SV,KRF,Liker,0.2358974,0.1962183,0.2807974,390
5,SV,KRF,Misliker,0.545961,0.4939011,0.5970349,359
5,SV,KRF,Nøytral,0.2089136,0.1697842,0.2542988,359
5,SV,KRF,Liker,0.2451253,0.2032006,0.2925244,359
6,SV,KRF,Misliker,0.5692308,0.5144952,0.6223253,325
6,SV,KRF,Nøytral,0.2246154,0.182297,0.2734721,325
6,SV,KRF,Liker,0.2061538,0.1654206,0.2538663,325
7,SV,KRF,Misliker,0.6012658,0.5459538,0.6541087,316
7,SV,KRF,Nøytral,0.1993671,0.1587273,0.2473527,316
7,SV,KRF,Liker,0.1993671,0.1587273,0.2473527,316
9,SV,KRF,Misliker,0.65625,0.5991706,0.7091468,288
9,SV,KRF,Nøytral,0.1597222,0.1215926,0.2069912,288
9,SV,KRF,Liker,0.1840278,0.1431812,0.2333534,288
1,SV,AP,Misliker,0.0692308,0.0439154,0.1074987,260
1,SV,AP,Nøytral,0.1038462,0.0720047,0.1475298,260
1,SV,AP,Liker,0.8269231,0.775659,0.8684594,260
2,SV,AP,Misliker,0.0873786,0.0555298,0.1348855,206
2,SV,AP,Nøytral,0.0970874,0.0632628,0.1461749,206
2,SV,AP,Liker,0.815534,0.7560878,0.863115,206
3,SV,AP,Misliker,0.0622407,0.0438003,0.0877322,482
3,SV,AP,Nøytral,0.0829876,0.0613873,0.1112871,482
3,SV,AP,Liker,0.8547718,0.8202798,0.8835836,482
4,SV,AP,Misliker,0.0565553,0.0374554,0.0845394,389
4,SV,AP,Nøytral,0.0771208,0.0543585,0.1083229,389
4,SV,AP,Liker,0.8663239,0.8285709,0.8967983,389
5,SV,AP,Misliker,0.0853994,0.0605981,0.1190649,363
5,SV,AP,Nøytral,0.0633609,0.0423818,0.0937085,363
5,SV,AP,Liker,0.8512397,0.8105983,0.884404,363
6,SV,AP,Misliker,0.1141975,0.083728,0.153893,324
6,SV,AP,Nøytral,0.1080247,0.0784407,0.1469868,324
6,SV,AP,Liker,0.7777778,0.7289813,0.8199584,324
7,SV,AP,Misliker,0.1044304,0.0750605,0.1435092,316
7,SV,AP,Nøytral,0.1075949,0.077751,0.1470674,316
7,SV,AP,Liker,0.7879747,0.7391479,0.8297669,316
9,SV,AP,Misliker,0.1215278,0.0883762,0.1648661,288
9,SV,AP,Nøytral,0.125,0.0913539,0.1687369,288
9,SV,AP,Liker,0.7534722,0.7000729,0.8000793,288
1,SV,H,Misliker,0.7335907,0.6760328,0.7841871,259
1,SV,H,Nøytral,0.1081081,0.0755063,0.152465,259
1,SV,H,Liker,0.1583012,0.1184925,0.2083233,259
2,SV,H,Misliker,0.7832512,0.7207141,0.8349912,203
2,SV,H,Nøytral,0.1034483,0.0681773,0.1539517,203
2,SV,H,Liker,0.1133005,0.0761979,0.1652378,203
3,SV,H,Misliker,0.8016529,0.7635868,0.8349149,484
3,SV,H,Nøytral,0.1012397,0.0772781,0.1315717,484
3,SV,H,Liker,0.0971074,0.0736638,0.1269892,484
4,SV,H,Misliker,0.8235294,0.7823298,0.858343,391
4,SV,H,Nøytral,0.0920716,0.0670489,0.1251798,391
4,SV,H,Liker,0.084399,0.0605311,0.116511,391
5,SV,H,Misliker,0.7403315,0.6924563,0.7830885,362
5,SV,H,Nøytral,0.1464088,0.1134645,0.186902,362
5,SV,H,Liker,0.1132597,0.0843646,0.1504254,362
6,SV,H,Misliker,0.8042813,0.7574316,0.8439468,327
6,SV,H,Nøytral,0.0825688,0.057118,0.1179416,327
6,SV,H,Liker,0.1131498,0.0829504,0.1525154,327
7,SV,H,Misliker,0.8101266,0.7628156,0.849858,316
7,SV,H,Nøytral,0.0886076,0.0617538,0.1255759,316
7,SV,H,Liker,0.1012658,0.0723792,0.139942,316
9,SV,H,Misliker,0.816609,0.7674274,0.8573239,289
9,SV,H,Nøytral,0.0692042,0.0449613,0.1050803,289
9,SV,H,Liker,0.1141869,0.082161,0.1565667,289
1,SV,FRP,Misliker,0.9386973,0.901995,0.9622304,261
1,SV,FRP,Nøytral,0.0268199,0.0127761,0.0554343,261
1,SV,FRP,Liker,0.0344828,0.01796,0.0651968,261
2,SV,FRP,Misliker,0.9658537,0.9297088,0.9837374,205
2,SV,FRP,Nøytral,0.0243902,0.010113,0.05765,205
2,SV,FRP,Liker,0.0097561,0.0024129,0.0385827,205
3,SV,FRP,Misliker,0.9605809,0.9389388,0.9747586,482
3,SV,FRP,Nøytral,0.0207469,0.0111737,0.038205,482
3,SV,FRP,Liker,0.0186722,0.0097207,0.0355708,482
4,SV,FRP,Misliker,0.9693878,0.9467525,0.9825779,392
4,SV,FRP,Nøytral,0.0153061,0.0068682,0.0337581,392
4,SV,FRP,Liker,0.0153061,0.0068682,0.0337581,392
5,SV,FRP,Misliker,0.9586777,0.9324439,0.9749974,363
5,SV,FRP,Nøytral,0.0192837,0.0091881,0.0400239,363
5,SV,FRP,Liker,0.0220386,0.0110227,0.0435783,363
6,SV,FRP,Misliker,0.9785933,0.9556218,0.9898009,327
6,SV,FRP,Nøytral,0.0091743,0.0029443,0.0282135,327
6,SV,FRP,Liker,0.0122324,0.0045749,0.0322912,327
7,SV,FRP,Misliker,0.955414,0.9259363,0.9734953,314
7,SV,FRP,Nøytral,0.0127389,0.0047636,0.0336152,314
7,SV,FRP,Liker,0.0318471,0.017161,0.0583551,314
9,SV,FRP,Misliker,0.9619377,0.9323653,0.9788729,289
9,SV,FRP,Nøytral,0.0103806,0.0033293,0.0318888,289
9,SV,FRP,Liker,0.0276817,0.0138455,0.0545792,289
1,SV,V,Misliker,0.2413793,0.1930187,0.2973913,261
1,SV,V,Nøytral,0.2873563,0.2353904,0.345609,261
1,SV,V,Liker,0.4712644,0.4110288,0.5323486,261
2,SV,V,Misliker,0.3170732,0.2565631,0.384474,205
2,SV,V,Nøytral,0.2536585,0.1983784,0.3182278,205
2,SV,V,Liker,0.4292683,0.362685,0.4985138,205
3,SV,V,Misliker,0.3091286,0.2693226,0.3519839,482
3,SV,V,Nøytral,0.2136929,0.1792597,0.2527039,482
3,SV,V,Liker,0.4771784,0.4327301,0.5219911,482
4,SV,V,Misliker,0.4464286,0.3976857,0.4962238,392
4,SV,V,Nøytral,0.2397959,0.1999395,0.2847694,392
4,SV,V,Liker,0.3137755,0.2695714,0.3616393,392
5,SV,V,Misliker,0.3539326,0.3057468,0.4052793,356
5,SV,V,Nøytral,0.244382,0.2023445,0.2919564,356
5,SV,V,Liker,0.4016854,0.3517481,0.4537498,356
6,SV,V,Misliker,0.4430769,0.3896688,0.4978343,325
6,SV,V,Nøytral,0.2307692,0.1879508,0.2799792,325
6,SV,V,Liker,0.3261538,0.2771248,0.3793056,325
7,SV,V,Misliker,0.414557,0.3611945,0.4700026,316
7,SV,V,Nøytral,0.25,0.205115,0.3009879,316
7,SV,V,Liker,0.335443,0.285271,0.3896287,316
9,SV,V,Misliker,0.5087108,0.45067,0.5665177,287
9,SV,V,Nøytral,0.2473868,0.200635,0.3009314,287
9,SV,V,Liker,0.2439024,0.1974312,0.2972606,287
1,SV,SP,Misliker,0.2945736,0.2418172,0.3534738,258
1,SV,SP,Nøytral,0.372093,0.314885,0.4331239,258
1,SV,SP,Liker,0.3333333,0.2781363,0.393513,258
2,SV,SP,Misliker,0.3627451,0.2991599,0.4315237,204
2,SV,SP,Nøytral,0.3921569,0.3270184,0.461375,204
2,SV,SP,Liker,0.245098,0.1905173,0.30934,204
3,SV,SP,Misliker,0.325,0.2844343,0.3683728,480
3,SV,SP,Nøytral,0.31875,0.2784453,0.3619621,480
3,SV,SP,Liker,0.35625,0.3145026,0.400303,480
4,SV,SP,Misliker,0.2769231,0.2345949,0.323659,390
4,SV,SP,Nøytral,0.3692308,0.3225503,0.4184937,390
4,SV,SP,Liker,0.3538462,0.3077522,0.4028265,390
5,SV,SP,Misliker,0.2597765,0.2167868,0.3079394,358
5,SV,SP,Nøytral,0.3575419,0.309337,0.4088123,358
5,SV,SP,Liker,0.3826816,0.3335149,0.4343725,358
6,SV,SP,Misliker,0.3478261,0.2975142,0.4017799,322
6,SV,SP,Nøytral,0.3478261,0.2975142,0.4017799,322
6,SV,SP,Liker,0.3043478,0.2562932,0.3570865,322
7,SV,SP,Misliker,0.2793651,0.2323516,0.3317797,315
7,SV,SP,Nøytral,0.3777778,0.3256318,0.4329137,315
7,SV,SP,Liker,0.3428571,0.2922438,0.3973153,315
9,SV,SP,Misliker,0.3020833,0.2515373,0.3579291,288
9,SV,SP,Nøytral,0.2534722,0.2063176,0.3072323,288
9,SV,SP,Liker,0.4444444,0.3877079,0.5026675,288
1,SV,SV,Misliker,0.003861,0.0005366,0.0272221,259
1,SV,SV,Nøytral,0.015444,0.0057706,0.0406696,259
1,SV,SV,Liker,0.980695,0.9542134,0.991989,259
2,SV,SV,Misliker,0.0341463,0.0162626,0.0702912,205
2,SV,SV,Nøytral,0.004878,0.0006755,0.0343303,205
2,SV,SV,Liker,0.9609756,0.9235029,0.98048,205
3,SV,SV,Misliker,0.0082645,0.0030945,0.0218825,484
3,SV,SV,Nøytral,0.0371901,0.0235157,0.058341,484
3,SV,SV,Liker,0.9545455,0.9318401,0.9699313,484
4,SV,SV,Misliker,0.0280612,0.0155663,0.0500754,392
4,SV,SV,Nøytral,0.0408163,0.0250991,0.0657123,392
4,SV,SV,Liker,0.9311224,0.9012729,0.9524236,392
5,SV,SV,Misliker,0.0165289,0.0074162,0.0364282,363
5,SV,SV,Nøytral,0.0440771,0.0271126,0.0708832,363
5,SV,SV,Liker,0.9393939,0.9095096,0.9598447,363
6,SV,SV,Misliker,0.0276923,0.0144204,0.0525281,325
6,SV,SV,Nøytral,0.0369231,0.0210231,0.0640615,325
6,SV,SV,Liker,0.9353846,0.9027304,0.9575915,325
7,SV,SV,Misliker,0.0415335,0.0241945,0.0704021,313
7,SV,SV,Nøytral,0.057508,0.0364362,0.0896323,313
7,SV,SV,Liker,0.9009585,0.8623581,0.9296172,313
9,SV,SV,Misliker,0.0348432,0.0187782,0.0637591,287
9,SV,SV,Nøytral,0.0487805,0.0290086,0.0809057,287
9,SV,SV,Liker,0.9163763,0.8780036,0.9434566,287
1,SV,MDG,Misliker,0.0965251,0.0658909,0.1392782,259
1,SV,MDG,Nøytral,0.1930502,0.1491954,0.2460676,259
1,SV,MDG,Liker,0.7104247,0.6518432,0.762737,259
2,SV,MDG,Misliker,0.097561,0.0635746,0.1468666,205
2,SV,MDG,Nøytral,0.2292683,0.1764132,0.2923382,205
2,SV,MDG,Liker,0.6731707,0.6054577,0.7343612,205
3,SV,MDG,Misliker,0.0686071,0.0491221,0.0950485,481
3,SV,MDG,Nøytral,0.2037422,0.1699848,0.2422469,481
3,SV,MDG,Liker,0.7276507,0.685954,0.7657023,481
4,SV,MDG,Misliker,0.0871795,0.0628591,0.1197075,390
4,SV,MDG,Nøytral,0.1846154,0.1490193,0.2264516,390
4,SV,MDG,Liker,0.7282051,0.6816723,0.7702287,390
5,SV,MDG,Misliker,0.1309192,0.0996613,0.1701284,359
5,SV,MDG,Nøytral,0.1587744,0.1243598,0.2005316,359
5,SV,MDG,Liker,0.7103064,0.6609972,0.7551007,359
6,SV,MDG,Misliker,0.154321,0.1187712,0.1981191,324
6,SV,MDG,Nøytral,0.2067901,0.1659418,0.254624,324
6,SV,MDG,Liker,0.6388889,0.5848329,0.6896417,324
7,SV,MDG,Misliker,0.2088608,0.1673506,0.2574833,316
7,SV,MDG,Nøytral,0.1550633,0.1190252,0.1995414,316
7,SV,MDG,Liker,0.6360759,0.5812632,0.6875703,316
9,SV,MDG,Misliker,0.2118056,0.1682013,0.2631377,288
9,SV,MDG,Nøytral,0.1909722,0.1494037,0.2408317,288
9,SV,MDG,Liker,0.5972222,0.5391738,0.6526689,288
1,Venstre,KRF,Misliker,0.4020979,0.3464861,0.460348,286
1,Venstre,KRF,Nøytral,0.2517483,0.2045741,0.305621,286
1,Venstre,KRF,Liker,0.3461538,0.2929571,0.4034977,286
2,Venstre,KRF,Misliker,0.5726496,0.5079386,0.6349663,234
2,Venstre,KRF,Nøytral,0.1794872,0.1351511,0.2344252,234
2,Venstre,KRF,Liker,0.2478632,0.1963956,0.307655,234
3,Venstre,KRF,Misliker,0.4310345,0.3890213,0.4740644,522
3,Venstre,KRF,Nøytral,0.2701149,0.2336389,0.3099823,522
3,Venstre,KRF,Liker,0.2988506,0.2609959,0.339672,522
4,Venstre,KRF,Misliker,0.3802817,0.3352013,0.427526,426
4,Venstre,KRF,Nøytral,0.2629108,0.2231369,0.306973,426
4,Venstre,KRF,Liker,0.3568075,0.31254,0.4036634,426
5,Venstre,KRF,Misliker,0.4069149,0.3581444,0.457592,376
5,Venstre,KRF,Nøytral,0.2579787,0.2160933,0.3048259,376
5,Venstre,KRF,Liker,0.3351064,0.2889903,0.3846009,376
6,Venstre,KRF,Misliker,0.4189602,0.3663571,0.4734726,327
6,Venstre,KRF,Nøytral,0.2844037,0.2378974,0.3359931,327
6,Venstre,KRF,Liker,0.2966361,0.2493834,0.348683,327
7,Venstre,KRF,Misliker,0.4793651,0.4243732,0.5348616,315
7,Venstre,KRF,Nøytral,0.2603175,0.2146101,0.3118937,315
7,Venstre,KRF,Liker,0.2603175,0.2146101,0.3118937,315
9,Venstre,KRF,Misliker,0.4982079,0.4394734,0.5569919,279
9,Venstre,KRF,Nøytral,0.2078853,0.164013,0.2598454,279
9,Venstre,KRF,Liker,0.2939068,0.2431191,0.3503925,279
1,Venstre,AP,Misliker,0.2605634,0.2125519,0.3150804,284
1,Venstre,AP,Nøytral,0.1725352,0.1326835,0.2213024,284
1,Venstre,AP,Liker,0.5669014,0.5082693,0.6237181,284
2,Venstre,AP,Misliker,0.2478632,0.1963956,0.307655,234
2,Venstre,AP,Nøytral,0.1837607,0.1389135,0.2390667,234
2,Venstre,AP,Liker,0.5683761,0.5036591,0.6308397,234
3,Venstre,AP,Misliker,0.2149712,0.1816915,0.252466,521
3,Venstre,AP,Nøytral,0.1669866,0.1372731,0.2016285,521
3,Venstre,AP,Liker,0.6180422,0.5754038,0.6589369,521
4,Venstre,AP,Misliker,0.21513,0.1784136,0.2570385,423
4,Venstre,AP,Nøytral,0.1536643,0.1222308,0.1914186,423
4,Venstre,AP,Liker,0.6312057,0.5839658,0.6760571,423
5,Venstre,AP,Misliker,0.224,0.1844657,0.2692103,375
5,Venstre,AP,Nøytral,0.1466667,0.1142148,0.1863987,375
5,Venstre,AP,Liker,0.6293333,0.5790417,0.6769686,375
6,Venstre,AP,Misliker,0.2103659,0.1694341,0.2581129,328
6,Venstre,AP,Nøytral,0.222561,0.1805927,0.2710561,328
6,Venstre,AP,Liker,0.5670732,0.5125867,0.6199844,328
7,Venstre,AP,Misliker,0.2412698,0.1969848,0.2918918,315
7,Venstre,AP,Nøytral,0.1809524,0.1420548,0.2276744,315
7,Venstre,AP,Liker,0.5777778,0.5221981,0.6314551,315
9,Venstre,AP,Misliker,0.2831541,0.2330932,0.339211,279
9,Venstre,AP,Nøytral,0.1505376,0.1129905,0.1977797,279
9,Venstre,AP,Liker,0.5663082,0.5071422,0.6236426,279
1,Venstre,H,Misliker,0.1619718,0.1233351,0.2098153,284
1,Venstre,H,Nøytral,0.1725352,0.1326835,0.2213024,284
1,Venstre,H,Liker,0.665493,0.6082294,0.7182635,284
2,Venstre,H,Misliker,0.1702128,0.1271031,0.2241887,235
2,Venstre,H,Nøytral,0.1744681,0.1308287,0.2288315,235
2,Venstre,H,Liker,0.6553191,0.591824,0.713715,235
3,Venstre,H,Misliker,0.2718631,0.2354311,0.3116349,526
3,Venstre,H,Nøytral,0.1368821,0.1099875,0.1691036,526
3,Venstre,H,Liker,0.5912548,0.5485343,0.63264,526
4,Venstre,H,Misliker,0.25,0.2109311,0.2936126,424
4,Venstre,H,Nøytral,0.1933962,0.1584155,0.233954,424
4,Venstre,H,Liker,0.5566038,0.5087523,0.6034275,424
5,Venstre,H,Misliker,0.264,0.2216728,0.3111781,375
5,Venstre,H,Nøytral,0.136,0.1047494,0.174754,375
5,Venstre,H,Liker,0.6,0.5493189,0.6486274,375
6,Venstre,H,Misliker,0.2286585,0.1861926,0.2775071,328
6,Venstre,H,Nøytral,0.1737805,0.1363233,0.218921,328
6,Venstre,H,Liker,0.597561,0.5432593,0.6495711,328
7,Venstre,H,Misliker,0.2634921,0.2175592,0.3152159,315
7,Venstre,H,Nøytral,0.2,0.1592415,0.2481121,315
7,Venstre,H,Liker,0.5365079,0.4809161,0.5912069,315
9,Venstre,H,Misliker,0.2446043,0.197378,0.298922,278
9,Venstre,H,Nøytral,0.1834532,0.1420061,0.2337024,278
9,Venstre,H,Liker,0.5719424,0.5126808,0.6292096,278
1,Venstre,FRP,Misliker,0.7867133,0.7350884,0.8305962,286
1,Venstre,FRP,Nøytral,0.0909091,0.0624938,0.1304468,286
1,Venstre,FRP,Liker,0.1223776,0.0890026,0.1659876,286
2,Venstre,FRP,Misliker,0.7531915,0.693597,0.8044627,235
2,Venstre,FRP,Nøytral,0.093617,0.0622463,0.1384635,235
2,Venstre,FRP,Liker,0.1531915,0.1123086,0.2055112,235
3,Venstre,FRP,Misliker,0.7977099,0.7610055,0.8300363,524
3,Venstre,FRP,Nøytral,0.0935115,0.0713231,0.121698,524
3,Venstre,FRP,Liker,0.1087786,0.084775,0.13855,524
4,Venstre,FRP,Misliker,0.8333333,0.7947182,0.8659103,426
4,Venstre,FRP,Nøytral,0.0774648,0.0555165,0.1071062,426
4,Venstre,FRP,Liker,0.0892019,0.0655027,0.1203711,426
5,Venstre,FRP,Misliker,0.8510638,0.8111907,0.8837235,376
5,Venstre,FRP,Nøytral,0.0718085,0.0496166,0.102852,376
5,Venstre,FRP,Liker,0.0771277,0.0540325,0.1089573,376
6,Venstre,FRP,Misliker,0.8287462,0.7837322,0.8659929,327
6,Venstre,FRP,Nøytral,0.0856269,0.0596571,0.1214419,327
6,Venstre,FRP,Liker,0.0856269,0.0596571,0.1214419,327
7,Venstre,FRP,Misliker,0.8115016,0.7640446,0.8512717,313
7,Venstre,FRP,Nøytral,0.0830671,0.0570541,0.119438,313
7,Venstre,FRP,Liker,0.1054313,0.0757882,0.1448515,313
9,Venstre,FRP,Misliker,0.8458781,0.7982901,0.8838723,279
9,Venstre,FRP,Nøytral,0.0573477,0.0353196,0.0918067,279
9,Venstre,FRP,Liker,0.0967742,0.0670488,0.1377325,279
1,Venstre,V,Misliker,0.006993,0.0017351,0.027742,286
1,Venstre,V,Nøytral,0.0244755,0.0116601,0.0506542,286
1,Venstre,V,Liker,0.9685315,0.9404164,0.9836114,286
2,Venstre,V,Misliker,0.0212766,0.0088264,0.0503959,235
2,Venstre,V,Nøytral,0.0595745,0.0354605,0.0984134,235
2,Venstre,V,Liker,0.9191489,0.8763585,0.9480088,235
3,Venstre,V,Misliker,0.0344828,0.021798,0.0541404,522
3,Venstre,V,Nøytral,0.0383142,0.0248134,0.0587183,522
3,Venstre,V,Liker,0.9272031,0.9014303,0.946636,522
4,Venstre,V,Misliker,0.0447059,0.028642,0.069138,425
4,Venstre,V,Nøytral,0.08,0.0576381,0.1100247,425
4,Venstre,V,Liker,0.8752941,0.8401945,0.9035693,425
5,Venstre,V,Misliker,0.056,0.0367209,0.0845128,375
5,Venstre,V,Nøytral,0.0666667,0.0453615,0.096962,375
5,Venstre,V,Liker,0.8773333,0.8398993,0.9069841,375
6,Venstre,V,Misliker,0.088685,0.0622071,0.1249316,327
6,Venstre,V,Nøytral,0.0825688,0.057118,0.1179416,327
6,Venstre,V,Liker,0.8287462,0.7837322,0.8659929,327
7,Venstre,V,Misliker,0.111465,0.0809691,0.1515526,314
7,Venstre,V,Nøytral,0.1019108,0.0728453,0.1408122,314
7,Venstre,V,Liker,0.7866242,0.7375432,0.8286591,314
9,Venstre,V,Misliker,0.1223022,0.0885218,0.1666168,278
9,Venstre,V,Nøytral,0.1258993,0.0915994,0.1706304,278
9,Venstre,V,Liker,0.7517986,0.6972872,0.7993188,278
1,Venstre,SP,Misliker,0.4666667,0.4091083,0.5251263,285
1,Venstre,SP,Nøytral,0.3333333,0.280715,0.3904606,285
1,Venstre,SP,Liker,0.2,0.1573214,0.2508106,285
2,Venstre,SP,Misliker,0.5726496,0.5079386,0.6349663,234
2,Venstre,SP,Nøytral,0.2863248,0.2316832,0.3480161,234
2,Venstre,SP,Liker,0.1410256,0.1017762,0.192173,234
3,Venstre,SP,Misliker,0.4433781,0.4011009,0.4864917,521
3,Venstre,SP,Nøytral,0.3205374,0.2817282,0.3619984,521
3,Venstre,SP,Liker,0.2360845,0.2014703,0.2746005,521
4,Venstre,SP,Misliker,0.4787736,0.4313686,0.526564,424
4,Venstre,SP,Nøytral,0.2806604,0.2397798,0.3255263,424
4,Venstre,SP,Liker,0.240566,0.2021077,0.28374,424
5,Venstre,SP,Misliker,0.3716578,0.3239238,0.4220348,374
5,Venstre,SP,Nøytral,0.3101604,0.265129,0.3591028,374
5,Venstre,SP,Liker,0.3181818,0.2727467,0.3673625,374
6,Venstre,SP,Misliker,0.3957055,0.3437671,0.4501087,326
6,Venstre,SP,Nøytral,0.3220859,0.2733408,0.3750373,326
6,Venstre,SP,Liker,0.2822086,0.2357733,0.3337948,326
7,Venstre,SP,Misliker,0.4728435,0.4177908,0.5285645,313
7,Venstre,SP,Nøytral,0.2971246,0.2488451,0.3504015,313
7,Venstre,SP,Liker,0.2300319,0.1865151,0.2802047,313
9,Venstre,SP,Misliker,0.5215827,0.4624719,0.5800953,278
9,Venstre,SP,Nøytral,0.1582734,0.1197091,0.2063489,278
9,Venstre,SP,Liker,0.3201439,0.2676379,0.3776391,278
1,Venstre,SV,Misliker,0.5298246,0.471387,0.5874557,285
1,Venstre,SV,Nøytral,0.2035088,0.160486,0.2545677,285
1,Venstre,SV,Liker,0.2666667,0.2182787,0.3213714,285
2,Venstre,SV,Misliker,0.5744681,0.509902,0.6365904,235
2,Venstre,SV,Nøytral,0.2085106,0.1609792,0.2656331,235
2,Venstre,SV,Liker,0.2170213,0.1686045,0.2747469,235
3,Venstre,SV,Misliker,0.5142857,0.4713935,0.5569685,525
3,Venstre,SV,Nøytral,0.2133333,0.180282,0.2505916,525
3,Venstre,SV,Liker,0.272381,0.2358895,0.312211,525
4,Venstre,SV,Misliker,0.5141509,0.4664012,0.5616437,424
4,Venstre,SV,Nøytral,0.2193396,0.1823544,0.2614277,424
4,Venstre,SV,Liker,0.2665094,0.2264332,0.3108286,424
5,Venstre,SV,Misliker,0.5159574,0.4652233,0.5663648,376
5,Venstre,SV,Nøytral,0.1808511,0.1449955,0.223258,376
5,Venstre,SV,Liker,0.3031915,0.2586381,0.351778,376
6,Venstre,SV,Misliker,0.5718654,0.5173096,0.6247282,327
6,Venstre,SV,Nøytral,0.17737,0.1394927,0.2228686,327
6,Venstre,SV,Liker,0.2507645,0.2065401,0.3008677,327
7,Venstre,SV,Misliker,0.5477707,0.4920551,0.6023142,314
7,Venstre,SV,Nøytral,0.1974522,0.1568741,0.2454706,314
7,Venstre,SV,Liker,0.2547771,0.2094032,0.3061751,314
9,Venstre,SV,Misliker,0.5734767,0.5143283,0.6305953,279
9,Venstre,SV,Nøytral,0.1827957,0.1414872,0.232893,279
9,Venstre,SV,Liker,0.2437276,0.1966527,0.2978927,279
1,Venstre,MDG,Misliker,0.1443662,0.1078966,0.19053,284
1,Venstre,MDG,Nøytral,0.306338,0.2551892,0.3627458,284
1,Venstre,MDG,Liker,0.5492958,0.490667,0.6065869,284
2,Venstre,MDG,Misliker,0.1581197,0.1164949,0.2110643,234
2,Venstre,MDG,Nøytral,0.2606838,0.2080984,0.321168,234
2,Venstre,MDG,Liker,0.5811966,0.5165117,0.6432054,234
3,Venstre,MDG,Misliker,0.1453155,0.117553,0.1783098,523
3,Venstre,MDG,Nøytral,0.2848948,0.2477201,0.3252364,523
3,Venstre,MDG,Liker,0.5697897,0.5268052,0.6117472,523
4,Venstre,MDG,Misliker,0.1485849,0.117695,0.1858741,424
4,Venstre,MDG,Nøytral,0.2806604,0.2397798,0.3255263,424
4,Venstre,MDG,Liker,0.5707547,0.5229458,0.6172789,424
5,Venstre,MDG,Misliker,0.3271277,0.2813789,0.3764184,376
5,Venstre,MDG,Nøytral,0.1542553,0.121028,0.1945855,376
5,Venstre,MDG,Liker,0.518617,0.4678648,0.5689879,376
6,Venstre,MDG,Misliker,0.3780488,0.3269105,0.4320517,328
6,Venstre,MDG,Nøytral,0.1676829,0.1308639,0.2123303,328
6,Venstre,MDG,Liker,0.4542683,0.400848,0.5087626,328
7,Venstre,MDG,Misliker,0.433121,0.3790522,0.4888308,314
7,Venstre,MDG,Nøytral,0.1751592,0.1368051,0.2215069,314
7,Venstre,MDG,Liker,0.3917197,0.338962,0.4471346,314
9,Venstre,MDG,Misliker,0.4157706,0.3589986,0.4748695,279
9,Venstre,MDG,Nøytral,0.1505376,0.1129905,0.1977797,279
9,Venstre,MDG,Liker,0.4336918,0.3763574,0.4928578,279
